INSERT INTO CLIENTE(cpf, nome, numTelefone, numTelefone2, email)
VALUES
('118.570.245-36','MARISA SILVA DE SOUZA','81036982115','81177741491','marizafaustodasilva@gmail.com'),
('419.396.385-16','COMERCIAL NOVA ERA','81437854608','81527325381','comercialnovaera@gmail.com'),
('268.331.619-25','LUANA SILVA COSTA','81766196074','81596196074','luanasilvacosta@gmail.com'),
('131.940.271-27','MERCADO SÃO JOÃO','81765130726','81595130726','mercadosaojoao@gmail.com'),
('453.553.862-85','RESTAURANTE SOLAR DO SUL','81764535472','81594535472','barerestaurantecabanadosol@gmail.com'),
('380.297.822-68','JOSIMARI DA CONCEICAO DOS SANTOS ARAUJO','81761301714','81591301714','josimaridaconceicaodossantosaraujo@gmail.com'),
('075.256.043-39','COMERCIAL CARDOSO','81764423206','81594423206','comercialcardoso@gmail.com'),
('401.366.803-30','LANCHE ZE MONTEIRO','81765285311','81595285311','lanchezemonteiro@gmail.com'),
('850.289.911-20','MERCEARIA GM','81764087372','81594087372','merceariagm@gmail.com'),
('805.120.623-15','COMERCIAL FAMILIA','81761482972','81591482972','comercialfamilia@gmail.com'),
('023.959.573-48','MERCEARIA DA AUREA','81765443856','81595443856','merceariadaaurea@gmail.com'),
('604.295.233-19','MINI BOX SA','81765164227','81595164227','miniboxsa@gmail.com'),
('088.878.253-51','PANIFICADORA QUERO MAIS','81765277410','81595277410','panificadoraqueromais@gmail.com'),
('328.373.483-68','MERCANTIL SAO FRANCISCO','81769712346','81599712346','mercantilsaofrancisco@gmail.com'),
('625.499.783-58','AVISTAO BOM PRECO','81764647705','81594647705','avistaobompreco@gmail.com'),
('023.837.513-75','COMERCIAL ALMEIDA','81768872609','81598872609','comercialalmeida@gmail.com'),
('614.784.393-19','DISTRIBUIDORA GIRA RAPIDO','81764683440','81594683440','distribuidoragirarapido@gmail.com'),
('635.111.523-05','BAR DO ROBERTO','81761741592','81591741592','bardoroberto@gmail.com'),
('034.113.953-03','NATALIANA DOS SANTOS','81761450831','81591450831','natalianadossantos@gmail.com'),
('972.287.963-49','BUTECO DO TOTO','81762301218','81592301218','butecodototo@gmail.com'),
('009.849.462-76','PANIFICADORA ALVORADA','81765988001','81595988001','panificadoraalvorada@gmail.com'),
('304.523.923-49','GEOVAN TEIXEIRA DA SILVA','81761026772','81591026772','geovanteixeiradasilva@gmail.com'),
('615.869.543-26','MERCANTIL ECONOMICO','81762324123','81592324123','mercantileconomico@gmail.com'),
('021.192.333-81','REURY VARIEDADES','81764087226','81594087226','reuryvariedades@gmail.com'),
('467.309.233-34','COMERCIAL SANTISTA','81761820009','81591820009','comercialsantista@gmail.com'),
('418.178.423-15','COMERCIAL SANCHES','81761375776','81591375776','comercialsanches@gmail.com'),
('332.925.233-20','RESTAURANTE DO ZEQUINHA','81765671340','81595671340','restaurantedozequinha@gmail.com'),
('030.926.143-05','ADEGA PRIMIUS','81761560992','81591560992','adegaprimius@gmail.com'),
('022.930.503-27','MANOS MAGAZINE','81761533177','81591533177','manosmagazine@gmail.com'),
('010.169.993-05','COMERCIAL BUDI','81764708398','81594708398','comercialbudi@gmail.com'),
('604.569.393-00','VERD FRUT','81764549887','81594549887','verdfrut@gmail.com'),
('070.762.033-32','CM VARIEDADES','81764218812','81594218812','cmvariedades@gmail.com'),
('482.603.983-20','COMERCIAL SAO RAIMUNDO','81765856814','81595856814','comercialsaoraimundo@gmail.com'),
('016.014.351-93','RODRIGO PEREIRA DA SILVA','8176022120','8159022120','rodrigopereiradasilva@gmail.com'),
('019.659.463-48','COMERCIAL GUERREIRO','81761033272','81591033272','comercialguerreiro@gmail.com'),
('005.710.583-96','ARAO BEBIDAS','81763140042','81593140042','araobebidas@gmail.com'),
('003.523.273-08','BAR DO PEDRO','81761521091','81591521091','bardopedro@gmail.com'),
('413.281.323-15','CHURRASCO DO BRANCO','81761548495','81591548495','churrascodobranco@gmail.com'),
('067.903.783-75','DISTRIBUIDORA 3 IRMAOS','81764202311','81594202311','distribuidora3irmaos@gmail.com'),
('099.710.403-10','CARLOS EDUARDO SOUSA BARROS','81761587224','81591587224','carloseduardosousabarros@gmail.com'),
('040.409.013-39','COMERCIAL ROMEU','81761922798','81591922798','comercialromeu@gmail.com'),
('894.146.164-20','CONSTRUCAO FERREIRA','81765302343','81595302343','construcaoferreira@gmail.com'),
('714.537.093-04','BAR DO TREVO','81761133292','81591133292','bardotrevo@gmail.com'),
('189.249.992-49','MERCEARIA ALIANCA','81765136580','81595136580','merceariaalianca@gmail.com'),
('437.902.888-70','RR DISTRIBUIDORA','81761486145','81591486145','rrdistribuidora@gmail.com'),
('874.206.782-00','MERCADINHO KM','81764670578','81594670578','mercadinhokm@gmail.com'),
('426.607.349-68','JORGE VOLNEI RIEDEL','81764269409','81594269409','jorgevolneiriedel@gmail.com'),
('600.248.883-97','LANCH E PAD PIMENTA','81764655353','81594655353','lanchepadpimenta@gmail.com'),
('001.172.372-64','PANIFICADORA DELICIA','81762180850','81592180850','panificadoradelicia@gmail.com'),
('007.397.782-93','PANIFICADORA DELICIA','81765443293','81595443293','panificadoradelicia2@gmail.com'),
('052.144.533-70','JOAO DE AZEVEDO TROVAO NETO','81768888888','81598888888','joaodeazevedotrovaoneto@gmail.com'),
('613.346.283-35','SUPERMERCADO NUNES','81761135369','81591135369','supermercadonunes@gmail.com'),
('128.238.898-33','JOSE RAIMUNDO DE SOUSA PEREIRA','81764817252','81594817252','joseraimundodesousapereira@gmail.com'),
('067.233.053-96','MERCADINHO MENDES','81764818310','81594818310','mercadinhomendes@gmail.com'),
('288.583.282-72','MARCOS ANTONIO SILVA','8176167983','8159167983','marcosantoniosilva@gmail.com'),
('025.227.879-85','ADILSON LUIZ MIKULSKI','8176326136','8159326136','adilsonluizmikulski@gmail.com'),
('051.621.513-27','COMERCIAL NEVES','81764386175','81594386175','comercialneves@gmail.com'),
('756.320.633-72','JP CLUBE','81761652962','81591652962','jpclube@gmail.com'),
('109.854.594-09','BAR DO TULIO','81765124512','81595124512','bardotulio@gmail.com'),
('602.416.203-09','LIDER CONSTRUCAO','81761264344','81591264344','liderconstrucao@gmail.com'),
('079.265.643-11','MINI BOX FILHO','81761243428','81591243428','miniboxfilho@gmail.com'),
('612.479.903-03','COMERCIAL NILSON','81761595782','81591595782','comercialnilson@gmail.com'),
('476.474.773-15','POUSADA PEDRA GRANDE','81760106392','81590106392','pousadapedragrande@gmail.com'),
('614.594.223-17','ARMAZEM GUIMARAES','81765380738','81595380738','armazemguimaraes@gmail.com'),
('002.887.693-84','TELE BAR','81762633132','81592633132','telebar@gmail.com'),
('251.906.283-53','MERCEARIA JJ','81762056568','81592056568','merceariajj@gmail.com'),
('711.629.411-20','COMERCIAL POSITIVO','81764045313','81594045313','comercialpositivo@gmail.com'),
('025.045.663-01','LANCHES BIG GELA','81764430240','81594430240','lanchesbiggela@gmail.com'),
('009.755.703-07','BAR DA JAQUELINE','81761083252','81591083252','bardajaqueline@gmail.com'),
('062.908.133-66','BAR DO CLEO','81764140226','81594140226','bardocleo@gmail.com'),
('627.700.475-15','REGINALDO MARIANO DE SOUZA','81766658674','81596658674','reginaldomarianodesouza@gmail.com'),
('987.869.972-20','ACOUGUE BOM PRECO','81765261806','81595261806','acouguebompreco@gmail.com'),
('623.850.793-48','COMERCIAL COLINS','81768184233','81598184233','comercialcolins@gmail.com'),
('863.349.303-97','ROBERTO ALVES NOGUEIRA JUNIOR','81768058578','81598058578','robertoalvesnogueirajunior@gmail.com'),
('060.065.592-00','Albaniza Franca','8176300794','8159300794','albanizafranca@gmail.com'),
('291.978.132-49','ORICELIO ALVES DE ARAUJO','81764198401','81594198401','oricelioalvesdearaujo@gmail.com'),
('036.535.673-51','LUIS FERNANDO DA CUNHA DE OLIVEIRA','81762148854','81592148854','luisfernandodacunhadeoliveira@gmail.com'),
('951.702.193-34','COMERCIAL SAO PEDRO','81764792845','81594792845','comercialsaopedro@gmail.com'),
('050.047.203-39','BRASAO BAR','81765390325','81595390325','brasaobar@gmail.com'),
('715.684.214-51','EMILY BARBOSA DOS SANTOS','81767722270','81597722270','emilybarbosadossantos@gmail.com'),
('727.506.504-53','SEVERINO DO RAMOS HENRIQUE DA SILVA','81768284031','81598284031','severinodoramoshenriquedasilva@gmail.com'),
('227.219.083-91','MARIA LUCIA F DE MORAIS','81768219877','81598219877','marialuciafdemorais@gmail.com'),
('012.410.163-13','COMERCIAL J FERREIRA','81767363354','81597363354','comercialjferreira@gmail.com'),
('612.509.353-00','EDU BEBIDAS','81765213850','81595213850','edubebidas@gmail.com'),
('616.054.243-58','AURIEMERSON DE JESUS FARIAS DOS SANTOS','81768218905','81598218905','auriemersondejesusfariasdossantos@gmail.com'),
('960.628.353-49','COMERCIAL PRIMO','81761187232','81591187232','comercialprimo@gmail.com'),
('008.319.082-11','RAFAEL SOUZA OLIVEIRA','81761093839','81591093839','rafaelsouzaoliveira@gmail.com'),
('258.059.008-07','DISTRIBUIDORA GELA GUELA','81763314152','81593314152','distribuidoragelaguela@gmail.com'),
('844.048.333-34','NAZIEL COSTA FRANCO','81765026585','81595026585','nazielcostafranco@gmail.com'),
('714.500.801-70','CAMILE LIMA VIANA','81762520129','81592520129','camilelimaviana@gmail.com'),
('937.661.733-91','MERCEARIA SALES','81761091309','81591091309','merceariasales@gmail.com'),
('621.211.123-59','DISTRIBUIDORA RP','81764405060','81594405060','distribuidorarp@gmail.com'),
('323.671.788-28','ARTUR KIRSHNICK JUNIOR','8176938072','8159938072','arturkirshnickjunior@gmail.com'),
('931.084.949-53','SONIA MARIA KLIVER','8176364476','8159364476','soniamariakliver@gmail.com'),
('619.362.473-21','SILVANETE MOTA LIMA NOGUEIRA','81764895451','81594895451','silvanetemotalimanogueira@gmail.com'),
('080.107.083-05','KEVENLLY FERREIRA CARVALHO','81764768807','81594768807','kevenllyferreiracarvalho@gmail.com'),
('291.072.293-72','BAR DO EDVAN','81764121664','81594121664','bardoedvan@gmail.com'),
('618.729.783-04','COMERCIAL JN','81764904003','81594904003','comercialjn@gmail.com'),
('004.662.603-42','OLIVAN BATISTA DE SOUSA','81769025519','81599025519','olivanbatistadesousa@gmail.com'),
('276.034.598-00','Lucas Costa','1967649904','4900159473','camposigor@da.org'),

INSERT INTO endereco(cliente_cpf, uf, cidade, bairro, rua, numero, comp, cep)
VALUES
('118.570.245-36','AL','ARAPIRACA','CENTRO','RUA MANOEL DOS SANTOS COSTA','154','','57302768'),
('419.396.385-16','MA','BACABAL','CENTRO','CJ EURICO GASPAR DUTRA','42','','65700000'),
('268.331.619-25','MA','BREJO DA AREIA','CENTRO','RUA DOS PINTOS',NULL,'','65315000'),
('131.940.271-27','MA','NOVA OLINDA-MA','CENTRO','TV DO COMERCIO','1092','','65274000'),
('453.553.862-85','MA','SITIO NOVO - MA','CENTRO','RUA PRINCIPAL KM 12',NULL,'','65925000'),
('380.297.822-68','PA','BARCARENA','CLE URBANO VILA DOS CABANOS','RUA GERMANO ARANHA','32','','68445000'),
('075.256.043-39','MA','SANTA LUZIA','ACAMPAMENTO','TV SAO FRANCISCO I','03','','65390000'),
('401.366.803-30','MA','RIACHAO','CENTRO','AVENIDA RODOVIARIA','35','','65990000'),
('850.289.911-20','MA','BURITIRANA','CENTRO','RUA MARECHAL',NULL,'','65935000'),
('805.120.623-15','MA','SEN LA ROCQUE','GENIPAPO','RUA SAO FRANCISCO',NULL,'','65935000'),
('023.959.573-48','MA','BURITIRANA','POVOADO TANQUE II','RUA BOM JESUS',NULL,'','65935000'),
('604.295.233-19','MA','AMARANTE DO MA','VILA DEUSIMAR','RUA MARIO VIANA',NULL,'','65923000'),
('088.878.253-51','MA','BARRA DO CORDA','NENZINHO III','RUA 05',NULL,'','65950000'),
('328.373.483-68','MA','BOM JESUS SELVA','CENTRO','RUA CAXIAS','117','','65395000'),
('625.499.783-58','MA','FERNANDO FALCAO','CENTRO','RUA ANTONIO PEREIRA SANTIAGO',NULL,'','65964000'),
('023.837.513-75','MA','A A DO PINDARE','ZONA RURAL','RUA NOVA',NULL,'','65398000'),
('614.784.393-19','MA','PARAIBANO','CENTRO','AVENIDA PRIMEIRO DE MAIO',NULL,'','65670000'),
('635.111.523-05','MA','SUCUP DO NORTE','CENTRO','RUA MACALA B CARNEIRO',NULL,'','65860000'),
('034.113.953-03','MA','PACO DO LUMIAR','VILA SAO JOSE 2','TRAV 7','28','VILA SAO JOSE ','65130000'),
('972.287.963-49','MA','AMARANTE DO MA','CENTRO','RUA CASTELO BRANCO','61','','65923000'),
('009.849.462-76','PA','SANTA IZA DO PA','SANTA LUCIA','RODOVIA PA 140',NULL,'','68790000'),
('304.523.923-49','MA','PEDREIRAS','SAO FRANCISCO','RUA RAIMUNDO ANSELMO','31','','65725000'),
('615.869.543-26','MA','ROSARIO','CENTRO','RUA GALL LOTT',NULL,'','65150000'),
('021.192.333-81','MA','TUNTUM','POV SANTA ROSA','AVENIDA SAO JOAO',NULL,'','65763000'),
('467.309.233-34','MA','TIMBIRAS','CENTRO','AVENIDA JOAO LEAL','37','','65420000'),
('418.178.423-15','MA','PINHEIRO - MA','FOMENTO','RUA 12 DE OUTUBRO','279','','65200000'),
('332.925.233-20','MA','S VICENTE FERRE','CENTRO','RUA GETULIO VARGAS',NULL,'','65220000'),
('030.926.143-05','MA','PINHEIRO - MA','CENTRO','AVENIDA TANCREDO NEVES',NULL,'','65200000'),
('022.930.503-27','MA','CAROLINA','CENTRO','AVENIDA ADALBERTO RIBEIRO','637','','65980000'),
('010.169.993-05','MA','A A DO PINDARE','ZONA RURAL','RUA DA MATRIZ',NULL,'','65398000'),
('604.569.393-00','MA','MARANHAOZINHO','CENTRO','RUA DA IGREJA',NULL,'','65283000'),
('070.762.033-32','MA','LAGOA DO MATO','CENTRO','RUA SAO JOAO','49','','65683000'),
('482.603.983-20','MA','SAO BENTO - MA','MUTIRAO','RUA ANTONIO DIAS','45','','65235000'),
('016.014.351-93','PA','NOVO PROGRESSO','VICINAL CEMITERIO','RODOVIA BR 163 KM 942 ME ADT 18 KM',NULL,'','68193000'),
('019.659.463-48','MA','BURITICUPU','CENTRO','RUA DO COMERCIO',NULL,'','65393000'),
('005.710.583-96','MA','BURITICUPU','CENTRO','RUA NIVEL MEDIO','7','','65393000'),
('003.523.273-08','MA','SUCUP DO NORTE','CENTRO','RUA MANOEL OLIVEIRA','359','','65860000'),
('413.281.323-15','MA','SUCUP DO NORTE','CENTRO','RUA JOAO FIGUEIREDO',NULL,'','65860000'),
('067.903.783-75','MA','PARAIBANO','CENTRO','RUA ANTONIO SABINO',NULL,'','65670000'),
('099.710.403-10','MA','GRAJAU','CANOEIRO','RUA HUMBERTO DE CAMPOS','264','','65940000'),
('040.409.013-39','MA','SUCUP DO NORTE','CENTRO','RUA MACALA B CARNEIRO',NULL,'','65860000'),
('894.146.164-20','MA','NOVA OLINDA-MA','CENTRO','TRAVESSA SAO FRANCISCO','690','','65274000'),
('714.537.093-04','MA','LORETO','SANTA FE','TV 2 DE MAIO',NULL,'','65895000'),
('189.249.992-49','MA','RIACHAO','AEROPORTO','RUA AEROPORTO',NULL,'','65990000'),
('437.902.888-70','MA','BARRA DO CORDA','PIQUIZINHO','VILA DANTAS','30','','65950000'),
('874.206.782-00','MA','S JOAO DO CARU','CENTRO','RUA NOVA',NULL,'','65385000'),
('426.607.349-68','MA','URBANO SANTOS','ZONA RURAL','POV CAPAO I',NULL,'','65530000'),
('600.248.883-97','MA','MORROS','POV SANTA HELENA','POVOAD SANTA HELENA',NULL,'','65160000'),
('001.172.372-64','PA','CAPANEMA','FATIMA','AVENIDA JOAO PAULO II','743','','68700000'),
('007.397.782-93','PA','CAPANEMA','SANTA LUZIA','RUA SAO SEBASTIAO',NULL,'','68700000'),
('052.144.533-70','MA','SAO LUIS','ANJO DA GUARDA','RUA','5','','65000000'),
('613.346.283-35','MA','BALSAS','POVOADO BATAVO','AVENIDA BATAVO',NULL,'','65800000'),
('128.238.898-33','MA','PARAIBANO','CENTRO','AVENIDA 1 DE MAIO','1093','','65670000'),
('067.233.053-96','MA','PARAIBANO','CENTRO','RUA SAO BRAZ',NULL,'','65670000'),
('288.583.282-72','MA','SANTA RITA','ZONA RURAL','POV VILA NOVA',NULL,'','65145000'),
('025.227.879-85','MA','SITIO NOVO - MA','ZONA RURAL','LUG DA DATA SANTANA',NULL,'','65925000'),
('051.621.513-27','MA','ZE DOCA','ZONA RURAL','RUA JATAY','01','','65365000'),
('756.320.633-72','MA','ITAIPAVA DO GRA','POVOADO CRIOLIZINHO','RUA DO COMERCIO',NULL,'','65948000'),
('109.854.594-09','MA','JENIP VIEIRAS','CENTRO','RUA DO COMERCIO',NULL,'','65962000'),
('602.416.203-09','MA','VARGEM GRANDE','CENTRO','ROD BR 222','30','','65430000'),
('079.265.643-11','MA','VARGEM GRANDE','CENTRO','RUA HERMETERIO LEITAO','565','','65430000'),
('612.479.903-03','MA','NINA RODRIGUES','SANTANA','RUA DA PAZ','17','','65450000'),
('476.474.773-15','MA','MORROS','PAULINOS','RODOVIA MA 402 KM2',NULL,'','65160000'),
('614.594.223-17','MA','RIACHAO','ALTO BONITO','RUA ARAME','10','','65990000'),
('002.887.693-84','MA','LORETO','CENTRO','AVENIDA GETULIO VARGAS',NULL,'','65895000'),
('251.906.283-53','MA','GRAJAU','REMANSO','AVENIDA ROSEANA SARNEY','474','','65940000'),
('711.629.411-20','MA','SAO DOM AZEITAO','CENTRO','RUA DO CAMPO',NULL,'','65888000'),
('025.045.663-01','MA','ROSARIO','CENTRO','RUA ESTEFANIO SALDANHA','4025','','65150000'),
('009.755.703-07','MA','SUCUP DO NORTE','CENTRO','RUA CLODOALDO GUIMARAES',NULL,'','65860000'),
('062.908.133-66','MA','ITAIPAVA DO GRA','CENTRO','RUA MERCIEL ARRUDA',NULL,'','65948000'),
('627.700.475-15','PA','PARAUAPEBAS','CIDADE NOVA','RUA A','0','','68515000'),
('987.869.972-20','MA','JENIP VIEIRAS','VALETA','AVENIDA FELIPE NERES',NULL,'','65962000'),
('623.850.793-48','MA','SANTA RITA','CAREMA','AVENIDA GAL RIBAS','78','','65145000'),
('863.349.303-97','MA','CAXIAS','COHAB','AVENIDA BEIJAMIN CONSTANT','2163','','65600010'),
('060.065.592-00','PA','ANANINDEUA','COQUEIRO','Rua C','1','','67113330'),
('291.978.132-49','MA','ZE DOCA','CENTRO','RUA 7 DE SETEMBRO','166','','65365000'),
('036.535.673-51','MA','OLHO D AGUA CUN','POVOADO BACURI DA LINHA','RUA GRANDE BACURI DA LINHA','272','','65706000'),
('951.702.193-34','MA','LAGOA DO MATO','CENTRO','RUA PIRANHAS',NULL,'','65683000'),
('050.047.203-39','MA','LAGOA DO MATO','CENTRO','RUA SUCUPIRAS',NULL,'','65683000'),
('715.684.214-51','PB','CAMPINA GRANDE','SANTA CRUZ','RUA FRANCISCO LOPES DE ALMEIDA','847','CASA','58418000'),
('727.506.504-53','PB','PIRPIRITUBA','CENTRO','RUA CORDEIRO DE MELO','240','','58213000'),
('227.219.083-91','PI','TERESINA','PROMORAR','QD 99 LT 12 CS B','12','','64045000'),
('012.410.163-13','MA','SAO BENTO - MA','CENTRO','RUA JOAO ALVES',NULL,'','65235000'),
('612.509.353-00','MA','LORETO','POV BURITIRANA','RODOVIA BR 230',NULL,'','65895000'),
('616.054.243-58','MA','PINHEIRO - MA','MATRIZ','RUA ANTENOR ABREU','497','','65200000'),
('960.628.353-49','MA','SANTA INES','AGUA FRIA','RUA NOVA ISRAEL JERUSALEM',NULL,'','65300000'),
('008.319.082-11','PA','TAILANDIA-PA','NOVO','RUA 06 QUADRA 11 LOTE 42','42','','68695000'),
('258.059.008-07','MA','JENIP VIEIRAS','CENTRO','RUA VALETA CENTRO AVENIDA FELIPE NERES',NULL,'','65962000'),
('844.048.333-34','MA','CARUTAPERA','CENTRO','TV SAO SEBASTIAO','99','','65295000'),
('714.500.801-70','MA','VITORINO FREIRE','JUCARAL DOS SARAIVAS','RUA DEP EDSON LOBAO','5','','65320000'),
('937.661.733-91','MA','TIMBIRAS','CENTRO','RUA SENADOR S ARCHER','115','','65420000'),
('621.211.123-59','MA','ITAIPAVA DO GRA','CENTRO','RUA PRINCIPAL',NULL,'','65948000'),
('323.671.788-28','MA','COELHO NETO','ZONA RURAL','POVOADO SANTANA VELHA',NULL,'','65620000'),
('931.084.949-53','MA','ANAPURUS','ZONA RURAL','FAZ GUABIRABA II',NULL,'','65525000'),
('619.362.473-21','MA','S VICENTE FERRE','MUTIRAO I','RUA DA IGREJA',NULL,'','65220000'),
('080.107.083-05','MA','PRES DUTRA','VILA MILITAR','RUA 28 DE JULHO',NULL,'','65760000'),
('291.072.293-72','MA','ITAIPAVA DO GRA','CENTRO','RUA RAIMUNDO CERQUEIRA','10','','65948000'),
('618.729.783-04','MA','S B RIO PRETO','CENTRO','TRAVESSA JOAO SOUSA',NULL,'','65440000'),
('004.662.603-42','PI','TERESINA','SAO JOAQUIM','RUA BARBOSA QD2',NULL,'','64005355'),
('878.462.093-53','MA','GOV NUNES FREIR','AEROPORTO','RUA PARADA','1','','65284000');

INSERT INTO fornecedor(cpf_cnpj, nome, valorFrete, email)
VALUES
('932.861.754-55','Dr. Miguel Moura','1997334637','1991053729','elisafreitas@da.com'),
('531.297.860-40','Thomas Caldeira','1956474943','1910488290','caiocampos@costa.org'),
('035.472.961-61','Cecília Monteiro','1929919461','1995606161','felipe92@barbosa.br'),
('529.701.468-94','Joaquim Moraes','1952945110','1999290667','lcosta@lima.com'),
('395.401.286-33','Nathan Cavalcanti','1971433376','1953890526','biancateixeira@fernandes.br'),
('709.856.143-66','Breno Ramos','4975505585','1968542870','luna68@pires.br'),
('543.806.297-83','Luigi Souza','4906612683','1978412390','catarinarocha@fogaca.net'),
('146.372.590-61','Nicolas das Neves','1955549402','1915189865','da-matamilena@jesus.br'),
('106.742.859-30','Miguel Teixeira','4976375665','1976765877','helenada-cruz@yahoo.com.br'),
('860.914.572-76','Letícia Castro','1962274959','1988386610','ceciliapeixoto@gmail.com'),
('581.790.234-60','Nathan Gomes','1991031932','1979051545','francisco32@bol.com.br'),
('085.369.241-60','Bianca Ramos','4921258279','1979503752','valentina75@yahoo.com.br'),
('602.317.854-53','Rafaela Peixoto','1964027538','1918643534','silveiraalana@uol.com.br'),
('149.638.752-09','Natália Gomes','1922654757','1913091221','da-luzenrico@vieira.com'),
('743.852.610-08','Yasmin Farias','1989246056','1965041086','ymelo@moura.com'),
('539.781.624-82','Ana Sophia Freitas','1907686852','1963576932','camposana-laura@nunes.org'),
('653.241.897-82','Dr. Marcelo da Cruz','1968000008','4990978495','lunaaragao@silveira.com'),
('903.275.184-05','Noah Moraes','1953153294','1995035692','castroraul@bol.com.br'),
('498.507.362-83','Sabrina Moura','1921077827','1944419317','ida-mota@azevedo.br'),
('096.215.783-02','João Lucas Barros','1964360056','1958036974','jcastro@fernandes.com'),
('190.283.645-60','Melissa Moreira','1922190803','1992288833','viniciuslima@lima.br'),
('012.895.437-04','Caio Nogueira','4962204930','1981233429','lda-mata@hotmail.com'),
('613.720.954-70','Ryan da Rosa','1907508813','1975382469','dfarias@nunes.org'),
('361.847.520-90','Stephany Aragão','1930637403','1953411657','araujojoao@nunes.org'),
('207.689.513-21','Murilo Teixeira','1911029846','1991915974','enzo-gabrielgomes@moraes.com'),
('520.936.784-38','Lorena Pinto','1933385843','1976393692','mirellagoncalves@araujo.com'),
('365.240.198-06','Sophia Farias','1990158176','1943213266','scosta@ig.com.br'),
('236.054.781-07','Ana Vitória Oliveira','1930578116','1921899587','glima@rodrigues.br'),
('834.201.795-88','Dra. Marcela da Rocha','1989915774','4903221790','portoleonardo@carvalho.br'),
('273.564.198-82','Ana Costela','1912732536','1927658140','thiago58@gmail.com'),
('956.012.438-24','Luiz Miguel Pires','1925912798','1982607710','azevedoluiz-fernando@hotmail.com'),
('296.174.350-80','Marina Campos','1943713865','1987297614','vbarbosa@hotmail.com'),
('342.760.519-16','Kamilly Duarte','4950574264','1952919637','lopesamanda@ribeiro.com'),
('074.928.165-02','Vitor Gabriel da Paz','1977980623','1944740795','camposamanda@fogaca.org'),
('715.648.290-49','Dra. Evelyn Oliveira','4951136785','1944448953','maria-alice89@hotmail.com'),
('387.015.462-44','João Miguel Castro','1908903030','1925517685','joao08@rocha.com'),
('790.543.821-04','Kaique Rezende','4902846382','1925210105','renanda-cunha@silveira.br'),
('023.694.815-60','Eloah Cavalcanti','1939563839','1940322849','costelabrenda@uol.com.br'),
('862.057.914-20','Marina Rezende','1964059352','1974579188','ana-carolina54@gmail.com'),
('651.037.892-21','Dr. João Felipe Almeida','4926945247','1945759419','matheusmonteiro@hotmail.com'),
('860.145.397-00','Marcela Silveira','1978172480','1932336071','campossabrina@yahoo.com.br'),
('389.201.765-40','Srta. Laura Correia','1993461466','1946107507','joao-miguelfarias@oliveira.net'),
('480.795.263-38','Ian Gomes','1937570363','1963360207','nporto@hotmail.com'),
('547.069.183-75','Clara Pinto','1955533603','1922566665','vinicius23@ig.com.br'),
('316.458.297-82','Ana Júlia Pinto','1918697466','1933591565','cavalcantivitor@moura.com'),
('547.691.238-09','Emanuella Vieira','1908833376','1927765759','maria-eduarda42@ribeiro.br'),
('568.492.703-38','João Pedro Cavalcanti','1996444167','1963575343','lcunha@monteiro.com'),
('124.867.530-44','Stephany Lopes','1961222344','1935219149','pda-rocha@hotmail.com'),
('309.215.684-60','Sra. Maria Clara Silva','1920000337','1903598603','catarinada-paz@da.net'),
('249.073.816-03','Levi da Luz','4993407356','1969268321','eloahfreitas@hotmail.com'),
('862.504.179-58','Stephany da Paz','1998699923','1927393513','vicente19@cardoso.br'),
('925.176.084-58','Maitê Ribeiro','1988426469','1910194699','caroline81@gmail.com'),
('524.061.738-44','Dra. Bruna Gonçalves','1987445771','1955201436','vrodrigues@gomes.br'),
('970.124.638-13','Srta. Ana Clara Ribeiro','1972198824','1935067146','joao-lucas52@rodrigues.org'),
('357.401.698-01','Yago Melo','1950987386','4994971002','aragaoryan@oliveira.net'),
('348.926.750-83','Ana Lívia Pinto','4971251509','1973079121','monteirorenan@uol.com.br'),
('135.468.270-07','Lucca das Neves','1922228199','1986137357','davi-luccasouza@bol.com.br'),
('634.501.827-90','Srta. Sophia Martins','1949619285','1937408869','miguelda-luz@hotmail.com'),
('790.543.186-00','Isabella Monteiro','1956115174','1957955545','fogacamarina@hotmail.com'),
('521.896.473-55','Laura Dias','1950388428','4919537805','elisaalmeida@gmail.com'),
('618.093.452-51','Maria Julia Pires','1967316806','1905685644','isabellyfogaca@aragao.br'),
('136.420.957-80','Júlia Duarte','1984323133','1949347168','rezendekaique@araujo.br'),
('081.269.735-95','Lorena Souza','1990523522','1906480768','mferreira@hotmail.com'),
('479.820.316-50','Marcela Campos','1966908255','1958159732','martinspietro@bol.com.br'),
('357.821.906-12','Sr. Kevin Alves','1965029632','1951091352','maiteramos@bol.com.br'),
('381.964.075-48','Sra. Vitória Moreira','1946255365','4929568233','rafaela01@jesus.br'),
('204.897.531-32','Sr. João Cardoso','1947296467','1965315038','vitorramos@farias.com'),
('648.129.357-09','Elisa Gonçalves','1976808891','1999145649','martinsana-julia@silva.org'),
('140.836.759-93','Leonardo Vieira','4942686800','1965145467','rcorreia@gmail.com'),
('206.571.439-52','Paulo Cunha','1920828973','1951319170','barrosmaria-cecilia@hotmail.com'),
('459.736.801-93','Caio Santos','1914744568','4965851405','ceciliada-cruz@ig.com.br'),
('385.241.079-79','Davi Luiz da Mata','1951460296','1960063930','bda-conceicao@uol.com.br'),
('165.392.480-24','Sophie Cunha','1929765016','1967454065','nathan11@uol.com.br'),
('178.943.256-19','Sophia Teixeira','1938577021','1967383141','ocavalcanti@da.br'),
('801.294.367-04','Ana Júlia Campos','1912327785','4975360811','mendesesther@gmail.com'),
('472.190.653-61','Rafael da Mota','1924247139','4932930316','vieirapaulo@fogaca.br'),
('246.759.381-91','Marina Novaes','1931272243','1923187707','barbosaclarice@lima.br'),
('710.948.562-58','Vitória Viana','1979212561','1957056645','giovannada-paz@ig.com.br'),
('259.108.347-97','Raul da Luz','1980943900','1900102844','sabrinanunes@cardoso.com'),
('824.613.597-09','Vicente Novaes','4961889774','1921382888','emillylopes@bol.com.br'),
('783.126.045-53','Amanda Nascimento','1927165180','1959525730','xdias@yahoo.com.br'),
('518.320.496-98','Joana Gonçalves','1941922182','1935857950','henriqueviana@ig.com.br'),
('901.368.475-01','Luiza Castro','4951152715','4917345624','benicioda-cruz@bol.com.br'),
('830.416.795-66','Emanuella Sales','1903384124','1932674953','vinicius70@nascimento.br'),
('918.275.034-32','Bárbara Silveira','1934932300','1981837335','cardosothomas@gmail.com'),
('561.348.072-90','João Pedro Pereira','1929532315','1900500676','tnogueira@hotmail.com'),
('349.528.160-60','Pietro da Luz','1923669843','4945154299','da-luzluiza@uol.com.br'),
('547.629.301-99','Ana Julia Pinto','1905803106','4977043104','yasmin12@silva.org'),
('689.341.705-57','Gabrielly Monteiro','1946140302','1902287264','ninalima@peixoto.com'),
('592.041.836-24','Pedro Moura','1981671229','1962203972','melissada-costa@oliveira.net'),
('957.826.140-30','Catarina Pinto','1951995279','1996127494','ana-julia13@costela.net'),
('518.763.024-53','Isaac Silva','1927174577','1960456884','oliveirasamuel@silva.br'),
('083.915.472-05','Isabella Castro','1912134743','1911202841','evelynnogueira@ig.com.br'),
('905.627.384-10','Vitor Nogueira','1978152253','1942915080','bryan30@sales.com'),
('496.382.175-37','Isaac Nascimento','1994896950','1928349480','cramos@uol.com.br'),
('496.512.783-82','Benício Mendes','1921787892','1940508433','maria-sophiada-costa@da.br'),
('236.549.871-09','Carolina Cardoso','1931811499','1929599044','evieira@da.org'),
('467.852.391-09','Lucas Novaes','1940201174','1917650792','vrocha@hotmail.com'),
('845.617.093-39','Dr. Lucca Cardoso','1908765364','4904819056','da-costadaniel@caldeira.com'),
('616.695.313-50'    ,'LIA DOS SANTOS SOUSA SANCHES'                      ,92.25,'liadossantossousasanches@email.com'                    );

INSERT INTO `petshop`.`Servico` (`nome`, `valorVenda`, `valorCusto`) VALUES
    ('Banho e Tosa - Pequeno Porte', 65.00, 45.00),
    ('Banho e Tosa - Médio Porte', 75.00, 55.00),
    ('Banho e Tosa - Grande Porte', 90.00, 70.00),
    ('Banho - Pequeno Porte', 40.00, 25.00),
    ('Banho - Médio Porte', 50.00, 35.00),
    ('Banho - Grande Porte', 60.00, 45.00),
    ('Tosa - Pequeno Porte', 35.00, 25.00),
    ('Tosa - Médio Porte', 45.00, 30.00),
    ('Tosa - Grande Porte', 55.00, 40.00),
    ('Consultas Veterinárias', 80.00, 60.00),
    ('Exames Laboratoriais', 120.00, 90.00),
    ('Vacinação Anual', 60.00, 45.00),
    ('Consulta de Urgência', 100.00, 75.00),
    ('Tratamento Odontológico', 150.00, 120.00),
    ('Hospedagem - Pequeno Porte', 50.00, 35.00),
    ('Hospedagem - Médio Porte', 60.00, 45.00),
    ('Hospedagem - Grande Porte', 70.00, 55.00),
    ('Adestramento Básico', 100.00, 80.00),
    ('Adestramento Avançado', 150.00, 120.00),
    ('Creche para Cães', 40.00, 30.00),
    ('Passeio Diário', 25.00, 20.00),
    ('Cuidados com Animais Idosos', 70.00, 55.00),
    ('Tratamento para Dermatite', 85.00, 65.00),
    ('Corte de Unhas', 15.00, 10.00),
    ('Limpeza de Ouvidos', 20.00, 15.00),
    ('Massagem Relaxante', 30.00, 25.00),
    ('Terapia Comportamental', 120.00, 90.00),
    ('Cuidados Especiais para Filhotes', 70.00, 55.00),
    ('Microchipagem', 50.00, 40.00),
    ('Desparasitação', 25.00, 20.00);

INSERT INTO PET (nome, idade, especie, raca, corPet, porte, peso, alergia, obs, Cliente_cpf)
VALUES
    ('Max', 3, 'Cachorro', 'Golden Retriever', 'Dourado', 'Grande', 30.5, NULL, NULL, '118.570.245-36'),
    ('Luna', 2, 'Cachorro', 'Labrador', 'Preto', 'Grande', 28.0, NULL, 'Alergia a pulgas', '118.570.245-36'),
    ('Whiskers', 4, 'Gato', 'Siamês', 'Marrom', 'Médio', 12.2, NULL, NULL, '419.396.385-16'),
    ('Nemo', NULL, 'Peixe', 'Beta', 'Laranja', NULL, 0.1, NULL, NULL, '268.331.619-25'),
    ('Simba', 5, 'Leão', 'Pantera', 'Marrom', 'Grande', 180.0, NULL, 'Rei da selva', '268.331.619-25'),
    ('Tweety', 1, 'Pássaro', 'Canário', 'Amarelo', 'Pequeno', 0.05, NULL, 'Canta lindas músicas', '268.331.619-25'),
    ('Daisy', 2, 'Coelho', 'Holandês', 'Branco e preto', 'Pequeno', 1.0, NULL, NULL, '131.940.271-27'),
    ('Speedy', 3, 'Tartaruga', 'Tigre-d água', 'Verde', 'Pequeno', 0.5, NULL, 'Muito lenta', '453.553.862-85'),
    ('Milo', 1, 'Hamster', 'Sírio', 'Dourado', 'Pequeno', 0.03, NULL, 'Gosta de girar na roda', '380.297.822-68'),
    ('Snickers', 4, 'Cavalo', 'Puro Sangue Árabe', 'Marrom', 'Grande', 550.0, NULL, 'Corredor veloz', '075.256.043-39'),
    ('Bella', 2, 'Cachorro', 'Bulldog', 'Marrom', 'Médio', 20.0, NULL, NULL, '075.256.043-39'),
    ('Charlie', 1, 'Cachorro', 'Poodle', 'Branco', 'Pequeno', 6.7, NULL, 'Alergia a grama', '075.256.043-39'),
    ('Lucy', 5, 'Gato', 'Maine Coon', 'Cinza', 'Grande', 16.8, NULL, NULL, '401.366.803-30'),
    ('Bubbles', NULL, 'Peixe', 'Guppi', 'Azul', NULL, 0.2, NULL, NULL, '850.289.911-20'),
    ('Leo', 4, 'Leão', 'Pantera', 'Marrom', 'Grande', 200.0, NULL, 'Majestoso', '805.120.623-15'),
    ('Rio', 1, 'Pássaro', 'Arara', 'Colorida', 'Médio', 1.2, NULL, 'Adora voar', '805.120.623-15'),
    ('Oreo', 2, 'Coelho', 'Angorá', 'Branco', 'Médio', 1.5, NULL, NULL, '023.959.573-48'),
    ('Shelly', 3, 'Tartaruga', 'Tartaruga de Caixa', 'Marrom', 'Pequeno', 0.8, NULL, 'Vive na água', '604.295.233-19'),
    ('Peanut', 1, 'Hamster', 'Chinês', 'Cinza', 'Pequeno', 0.04, NULL, 'Muito ágil', '088.878.253-51'),
    ('Spirit', 6, 'Cavalo', 'Quarto de Milha', 'Alazão', 'Grande', 600.0, NULL, 'Campeão de corrida', '328.373.483-68'),
    ('Coco', 2, 'Cachorro', 'Shih Tzu', 'Branco e marrom', 'Pequeno', 7.5, NULL, NULL, '625.499.783-58'),
    ('Buddy', 3, 'Cachorro', 'Dachshund', 'Marrom', 'Pequeno', 8.2, NULL, 'Adora cavar buracos', '023.837.513-75'),
    ('Oliver', 2, 'Gato', 'Bengal', 'Amarelo', 'Médio', 12.0, NULL, NULL, '023.837.513-75'),
    ('Goldie', NULL, 'Peixe', 'Beta', 'Dourado', NULL, 0.15, NULL, NULL, '023.837.513-75'),
    ('Rocky', 4, 'Leão', 'Pantera', 'Marrom', 'Grande', 210.0, NULL, 'Líder da savana', '614.784.393-19'),
    ('Sunny', 1, 'Pássaro', 'Periquito', 'Verde', 'Pequeno', 0.08, NULL, 'Fala algumas palavras', '614.784.393-19'),
    ('Hopper', 2, 'Coelho', 'Lionhead', 'Branco', 'Pequeno', 1.3, NULL, NULL, '614.784.393-19'),
    ('Squirt', 3, 'Tartaruga', 'Tartaruga de Pintas Vermelhas', 'Marrom', 'Pequeno', 0.9, NULL, 'Fica quieta', '635.111.523-05'),
    ('Nibbles', 1, 'Hamster', 'Roborovski', 'Dourado', 'Pequeno', 0.03, NULL, 'Sempre em movimento', '034.113.953-03'),
    ('Thunder', 7, 'Cavalo', 'Árabe', 'Preto', 'Grande', 700.0, NULL, 'Veloz como o vento', '034.113.953-03'),
    ('Ruby', 2, 'Cachorro', 'Chihuahua', 'Marrom', 'Pequeno', 3.4, NULL, NULL, '972.287.963-49'),
    ('Teddy', 3, 'Cachorro', 'Bichon Frise', 'Branco', 'Pequeno', 6.1, NULL, 'Adora brincar', '009.849.462-76'),
    ('Misty', 4, 'Gato', 'Ragdoll', 'Branco e cinza', 'Médio', 14.5, NULL, NULL, '009.849.462-76'),
    ('Bubbles', NULL, 'Peixe', 'Guppi', 'Prateado', NULL, 0.18, NULL, NULL, '304.523.923-49'),
    ('Leo', 5, 'Leão', 'Pantera', 'Marrom', 'Grande', 220.0, NULL, 'Majestoso', '615.869.543-26'),
    ('Sky', 1, 'Pássaro', 'Calopsita', 'Cinza e amarelo', 'Pequeno', 0.1, NULL, 'Canta alegremente', '021.192.333-81'),
    ('Lola', 2, 'Coelho', 'Fuzzy Lop', 'Branco e cinza', 'Médio', 1.6, NULL, NULL, '021.192.333-81'),
    ('Spike', 4, 'Tartaruga', 'Tartaruga de Casco Mole', 'Verde', 'Médio', 1.5, NULL, 'Gosta de nadar', '467.309.233-34'),
    ('Pippin', 1, 'Hamster', 'Sírio', 'Marrom', 'Pequeno', 0.02, NULL, 'Pequeno e ágil', '418.178.423-15'),
    ('Spirit', 8, 'Cavalo', 'Paint Horse', 'Alazão e branco', 'Grande', 650.0, NULL, 'Pinturas lindas', '418.178.423-15'),
    ('Lucky', 2, 'Cachorro', 'Shiba Inu', 'Vermelho', 'Médio', 17.8, NULL, NULL, '332.925.233-20'),
    ('Bella', 3, 'Cachorro', 'Pug', 'Bege', 'Pequeno', 15.3, NULL, 'Ronca bastante', '332.925.233-20'),
    ('Milo', 2, 'Gato', 'British Shorthair', 'Cinza', 'Médio', 11.7, NULL, NULL, '332.925.233-20'),
    ('Goldie', NULL, 'Peixe', 'Piranha', 'Prateado', NULL, 0.25, NULL, NULL, '030.926.143-05'),
    ('Leo', 6, 'Leão', 'Pantera', 'Marrom', 'Grande', 240.0, NULL, 'Rei da selva', '022.930.503-27'),
    ('Sunny', 2, 'Pássaro', 'Periquito Australiano', 'Verde e amarelo', 'Pequeno', 0.09, NULL, 'Canta o dia todo', '010.169.993-05'),
    ('Binky', 2, 'Coelho', 'Rex', 'Preto', 'Médio', 1.8, NULL, NULL, '010.169.993-05'),
    ('Shelly', 5, 'Tartaruga', 'Tartaruga de Espinhos', 'Verde e marrom', 'Médio', 1.7, NULL, 'Tem espinhos nas costas', '604.569.393-00'),
    ('Peanut', 1, 'Hamster', 'Chinês', 'Cinza e branco', 'Pequeno', 0.02, NULL, 'Adora girar na bola', '070.762.033-32'),
    ('Thunder', 9, 'Cavalo', 'Clydesdale', 'Castanho', 'Grande', 800.0, NULL, 'Majestoso e forte', '482.603.983-20'),
    ('Coco', 3, 'Cachorro', 'Boxer', 'Tigrado', 'Grande', 35.0, NULL, NULL, '016.014.351-93'),
    ('Buddy', 4, 'Cachorro', 'Husky Siberiano', 'Branco e preto', 'Grande', 32.6, NULL, 'Pelagem densa', '019.659.463-48'),
    ('Luna', 3, 'Gato', 'Persa', 'Branco', 'Médio', 13.4, NULL, NULL, '005.710.583-96'),
    ('Bubbles', NULL, 'Peixe', 'Piranha', 'Dourado', NULL, 0.3, NULL, NULL, '003.523.273-08'),
    ('Leo', 7, 'Leão', 'Pantera', 'Marrom', 'Grande', 250.0, NULL, 'Domina a savana', '413.281.323-15'),
    ('Sparrow', 1, 'Pássaro', 'Pardal', 'Marrom', 'Pequeno', 0.03, NULL, 'Canta melodias', '067.903.783-75'),
    ('Hopper', 3, 'Coelho', 'Holandês', 'Branco e preto', 'Médio', 2.0, NULL, NULL, '099.710.403-10'),
    ('Squirt', 6, 'Tartaruga', 'Tartaruga de Pintas Amarelas', 'Amarelo', 'Médio', 2.2, NULL, 'Adora nadar', '040.409.013-39'),
    ('Nibbles', 1, 'Hamster', 'Sírio', 'Dourado', 'Pequeno', 0.01, NULL, 'Bem pequeno', '894.146.164-20'),
    ('Spirit', 10, 'Cavalo', 'Frisão', 'Preto', 'Grande', 900.0, NULL, 'Cabelo longo', '714.537.093-04'),
    ('Ruby', 3, 'Cachorro', 'Poodle', 'Branco', 'Pequeno', 5.7, NULL, NULL, '189.249.992-49'),
    ('Teddy', 4, 'Cachorro', 'Bulldog Francês', 'Tigrado', 'Pequeno', 11.8, NULL, 'Focinho achatado', '437.902.888-70'),
    ('Misty', 5, 'Gato', 'Siamese', 'Cinza', 'Médio', 10.9, NULL, NULL, '874.206.782-00'),
    ('Goldie', NULL, 'Peixe', 'Beta', 'Laranja', NULL, 0.35, NULL, NULL, '426.607.349-68'),
    ('Leo', 8, 'Leão', 'Pantera', 'Marrom', 'Grande', 260.0, NULL, 'Rei da savana', '426.607.349-68'),
    ('Sunny', 3, 'Pássaro', 'Cacatua', 'Branca', 'Médio', 0.15, NULL, 'Fala e dança', '600.248.883-97'),
    ('Lola', 4, 'Coelho', 'Mini Rex', 'Castanho', 'Médio', 1.9, NULL, NULL, '001.172.372-64'),
    ('Spike', 6, 'Tartaruga', 'Tartaruga de Espinhos', 'Verde e marrom', 'Médio', 2.0, NULL, 'Defesa natural', '007.397.782-93'),
    ('Pippin', 2, 'Hamster', 'Russo Anão', 'Cinza', 'Pequeno', 0.02, NULL, 'Muito rápido', '052.144.533-70'),
    ('Thunder', 11, 'Cavalo', 'Morgan', 'Baio', 'Grande', 999.0, NULL, 'Elegante e forte', '613.346.283-35');

INSERT INTO DEPARTAMENTO(NOME, EMAIL, LOCALDEP,GERENTE_CPF)
VALUES
('864.213.097-04','Renan Ramos','1988041739','4935507989','felipeporto@pinto.net'),
('374.160.258-26','Srta. Sabrina da Cruz','1902987501','1991150796','catarinacastro@da.br'),
    ('Comercial', 'comercial@email.com','Terreo', '888.888.888-88');
   
INSERT INTO Empregado (cpf, nome, sexo, email, ctps, cargo, dataAdm, dataDem, salario, comissao, bonificacao, Departamento_idDepartamento)
VALUES
    ('111.111.111-11', 'Jorge Luis', 'M', 'jorge@email.com', '12345', 'Gerente', '2023-01-01', NULL, 5000.00, 500.00, 100.00, 1),
    ('222.222.222-22', 'Maria Santos', 'F', 'maria@email.com', '67890', 'Vendedor', '2023-02-15', NULL, 2500.00, 300.00, 50.00, 2),
    ('333.333.333-33', 'Carlos Souza', 'M', 'carlos@email.com', '54321', 'Atendente', '2023-03-10', NULL, 2200.00, 200.00, 30.00, 1),
    ('444.444.444-44', 'Ana Ferreira', 'F', 'ana@email.com', '98765', 'Vendedor', '2023-04-20', NULL, 2700.00, 350.00, 60.00, 3),
    ('555.555.555-55', 'Luiz Pereira', 'M', 'luiz@email.com', '13579', 'Gerente', '2023-05-05', NULL, 5200.00, 550.00, 120.00, 2),
    ('666.666.666-66', 'Fernanda Costa', 'F', 'fernanda@email.com', '24680', 'Atendente', '2023-06-30', NULL, 2300.00, 220.00, 35.00, 1),
    ('777.777.777-77', 'Ricardo Oliveira', 'M', 'ricardo@email.com', '86420', 'Vendedor', '2023-07-15', NULL, 2600.00, 320.00, 55.00, 2),
    ('888.888.888-88', 'Marta Lima', 'F', 'marta@email.com', '99999', 'Gerente', '2023-08-20', NULL, 5100.00, 500.00, 110.00, 3),
    ('999.999.999-99', 'Pedro Santos', 'M', 'pedro@email.com', '77777', 'Atendente', '2023-09-10', NULL, 2100.00, 180.00, 25.00, 1),
    ('123.456.789-01', 'Lucia Rodrigues', 'F', 'lucia@email.com', '12312', 'Vendedor', '2023-10-25', NULL, 2900.00, 380.00, 70.00, 2),
    ('234.567.890-12', 'Marcos Almeida', 'M', 'marcos@email.com', '65465', 'Gerente', '2023-11-05', NULL, 5300.00, 600.00, 130.00, 3),
    ('345.678.901-23', 'Larissa Silva', 'F', 'larissa@email.com', '98712', 'Atendente', '2023-12-15', NULL, 2400.00, 250.00, 40.00, 1),
    ('456.789.012-34', 'Gustavo Pereira', 'M', 'gustavo@email.com', '78978', 'Vendedor', '2024-01-20', NULL, 2700.00, 320.00, 60.00, 2),
    ('567.890.123-45', 'Isabela Costa', 'F', 'isabela@email.com', '12345', 'Gerente', '2024-02-10', NULL, 5200.00, 550.00, 120.00, 3),
    ('678.901.234-56', 'Roberto Souza', 'M', 'roberto@email.com', '65432', 'Atendente', '2024-03-05', NULL, 2200.00, 220.00, 35.00, 1);

INSERT INTO Custos (nome, valor, dataPag, dataVenc, obs, Departamento_idDepartamento)
VALUES
    ('Custo_001', 123.45, '2023-09-08', '2023-09-18', NULL, 1),
    ('Custo_002', 234.56, '2023-09-09', '2023-09-19', NULL, 2),
    ('Custo_003', 345.67, '2023-09-10', '2023-09-20', NULL, 3),
    ('Custo_004', 456.78, '2023-09-11', '2023-09-21', NULL, 1),
    ('Custo_005', 567.89, '2023-09-12', '2023-09-22', NULL, 2),
    ('Custo_006', 678.90, '2023-09-13', '2023-09-23', NULL, 3),
    ('Custo_007', 789.01, '2023-09-14', '2023-09-24', NULL, 1),
    ('Custo_008', 890.12, '2023-09-15', '2023-09-25', NULL, 2),
    ('Custo_009', 901.23, '2023-09-16', '2023-09-26', NULL, 3),
    ('Custo_010', 123.45, '2023-09-17', '2023-09-27', NULL, 1),
    ('Custo_011', 234.56, '2023-09-18', '2023-09-28', NULL, 2),
    ('Custo_012', 345.67, '2023-09-19', '2023-09-29', NULL, 3),
    ('Custo_013', 456.78, '2023-09-20', '2023-09-30', NULL, 1),
    ('Custo_014', 567.89, '2023-09-21', '2023-10-01', NULL, 2),
    ('Custo_015', 678.90, '2023-09-22', '2023-10-02', NULL, 3),
    ('Custo_016', 789.01, '2023-09-23', '2023-10-03', NULL, 1),
    ('Custo_017', 890.12, '2023-09-24', '2023-10-04', NULL, 2),
    ('Custo_018', 901.23, '2023-09-25', '2023-10-05', NULL, 3),
    ('Custo_019', 123.45, '2023-09-26', '2023-10-06', NULL, 1),
    ('Custo_020', 234.56, '2023-09-27', '2023-10-07', NULL, 2),
    ('Custo_021', 345.67, '2023-09-28', '2023-10-08', NULL, 3),
    ('Custo_022', 456.78, '2023-09-29', '2023-10-09', NULL, 1),
    ('Custo_023', 567.89, '2023-09-30', '2023-10-10', NULL, 2),
    ('Custo_024', 678.90, '2023-10-01', '2023-10-11', NULL, 3),
    ('Custo_025', 789.01, '2023-10-02', '2023-10-12', NULL, 1),
    ('Custo_026', 890.12, '2023-10-03', '2023-10-13', NULL, 2),
    ('Custo_027', 901.23, '2023-10-04', '2023-10-14', NULL, 3),
    ('Custo_028', 123.45, '2023-10-05', '2023-10-15', NULL, 1),
    ('Custo_029', 234.56, '2023-10-06', '2023-10-16', NULL, 2),
    ('Custo_030', 345.67, '2023-10-07', '2023-10-17', NULL, 3),
    ('Custo_031', 456.78, '2023-10-08', '2023-10-18', NULL, 1),
    ('Custo_032', 567.89, '2023-10-09', '2023-10-19', NULL, 2),
    ('Custo_033', 678.90, '2023-10-10', '2023-10-20', NULL, 3),
    ('Custo_034', 789.01, '2023-10-11', '2023-10-21', NULL, 1),
    ('Custo_035', 890.12, '2023-10-12', '2023-10-22', NULL, 2),
    ('Custo_036', 901.23, '2023-10-13', '2023-10-23', NULL, 3),
    ('Custo_037', 123.45, '2023-10-14', '2023-10-24', NULL, 1),
    ('Custo_038', 234.56, '2023-10-15', '2023-10-25', NULL, 2),
    ('Custo_039', 345.67, '2023-10-16', '2023-10-26', NULL, 3),
    ('Custo_040', 456.78, '2023-10-17', '2023-10-27', NULL, 1),
    ('Custo_041', 567.89, '2023-10-18', '2023-10-28', NULL, 2),
    ('Custo_042', 678.90, '2023-10-19', '2023-10-29', NULL, 3),
    ('Custo_043', 789.01, '2023-10-20', '2023-10-30', NULL, 1),
    ('Custo_044', 890.12, '2023-10-21', '2023-10-31', NULL, 2),
    ('Custo_045', 901.23, '2023-10-22', '2023-11-01', NULL, 3),
    ('Custo_046', 123.45, '2023-10-23', '2023-11-02', NULL, 1),
    ('Custo_047', 234.56, '2023-10-24', '2023-11-03', NULL, 2),
    ('Custo_048', 345.67, '2023-10-25', '2023-11-04', NULL, 3),
    ('Custo_049', 456.78, '2023-10-26', '2023-11-05', NULL, 1),
    ('Custo_050', 567.89, '2023-10-27', '2023-11-06', NULL, 2),
    ('Custo_051', 678.90, '2023-10-28', '2023-11-07', NULL, 3),
    ('Custo_052', 789.01, '2023-10-29', '2023-11-08', NULL, 1),
    ('Custo_053', 890.12, '2023-10-30', '2023-11-09', NULL, 2),
    ('Custo_054', 901.23, '2023-10-31', '2023-11-10', NULL, 3),
    ('Custo_055', 123.45, '2023-11-01', '2023-11-11', NULL, 1),
    ('Custo_056', 234.56, '2023-11-02', '2023-11-12', NULL, 2),
    ('Custo_057', 345.67, '2023-11-03', '2023-11-13', NULL, 3),
    ('Custo_058', 456.78, '2023-11-04', '2023-11-14', NULL, 1),
    ('Custo_059', 567.89, '2023-11-05', '2023-11-15', NULL, 2),
    ('Custo_060', 678.90, '2023-11-06', '2023-11-16', NULL, 3),
    ('Custo_061', 789.01, '2023-11-07', '2023-11-17', NULL, 1),
    ('Custo_062', 890.12, '2023-11-08', '2023-11-18', NULL, 2),
    ('Custo_063', 901.23, '2023-11-09', '2023-11-19', NULL, 3),
    ('Custo_064', 123.45, '2023-11-10', '2023-11-20', NULL, 1),
    ('Custo_065', 234.56, '2023-11-11', '2023-11-21', NULL, 2),
    ('Custo_066', 345.67, '2023-11-12', '2023-11-22', NULL, 3),
    ('Custo_067', 456.78, '2023-11-13', '2023-11-23', NULL, 1),
    ('Custo_068', 567.89, '2023-11-14', '2023-11-24', NULL, 2),
    ('Custo_069', 678.90, '2023-11-15', '2023-11-25', NULL, 3),
    ('Custo_070', 789.01, '2023-11-16', '2023-11-26', NULL, 1),
    ('Custo_071', 890.12, '2023-11-17', '2023-11-27', NULL, 2),
    ('Custo_072', 901.23, '2023-11-18', '2023-11-28', NULL, 3),
    ('Custo_073', 123.45, '2023-11-19', '2023-11-29', NULL, 1),
    ('Custo_074', 234.56, '2023-11-20', '2023-11-30', NULL, 2),
    ('Custo_075', 345.67, '2023-11-21', '2023-12-01', NULL, 3),
    ('Custo_076', 456.78, '2023-11-22', '2023-12-02', NULL, 1),
    ('Custo_077', 567.89, '2023-11-23', '2023-12-03', NULL, 2),
    ('Custo_078', 678.90, '2023-11-24', '2023-12-04', NULL, 3),
    ('Custo_079', 789.01, '2023-11-25', '2023-12-05', NULL, 1),
    ('Custo_080', 890.12, '2023-11-26', '2023-12-06', NULL, 2),
    ('Custo_81', 901.23, '2023-11-27', '2023-12-07', NULL, 3),
    ('Custo_082', 123.45, '2023-11-28', '2023-12-08', NULL, 1),
    ('Custo_083', 234.56, '2023-11-29', '2023-12-09', NULL, 2),
    ('Custo_084', 345.67, '2023-11-30', '2023-12-10', NULL, 3),
    ('Custo_085', 456.78, '2023-12-01', '2023-12-11', NULL, 1),
    ('Custo_086', 567.89, '2023-12-02', '2023-12-12', NULL, 2),
    ('Custo_087', 678.90, '2023-12-03', '2023-12-13', NULL, 3),
    ('Custo_088', 789.01, '2023-12-04', '2023-12-14', NULL, 1),
    ('Custo_089', 890.12, '2023-12-05', '2023-12-15', NULL, 2),
    ('Custo_090', 901.23, '2023-12-06', '2023-12-16', NULL, 3),
    ('Custo_091', 123.45, '2023-12-07', '2023-12-17', NULL, 1),
    ('Custo_092', 234.56, '2023-12-08', '2023-12-18', NULL, 2),
    ('Custo_093', 345.67, '2023-12-09', '2023-12-19', NULL, 3),
    ('Custo_094', 456.78, '2023-12-10', '2023-12-20', NULL, 1),
    ('Custo_095', 567.89, '2023-12-11', '2023-12-21', NULL, 2),
    ('Custo_096', 678.90, '2023-12-12', '2023-12-22', NULL, 3),
    ('Custo_097', 789.01, '2023-12-13', '2023-12-23', NULL, 1),
    ('Custo_098', 890.12, '2023-12-14', '2023-12-24', NULL, 2),
    ('Custo_099', 901.23, '2023-12-15', '2023-12-25', NULL, 3),
    ('Custo_100', 123.45, '2023-12-16', '2023-12-26', NULL, 1);
   
INSERT INTO `petshop`.`Produtos` (`nome`, `quantidade`, `marca`, `dataVenc`, `valorVenda`, `precoCusto`) VALUES
    ('Ração para Cães', 100.00, 'Royal Canin', '2024-05-01', 49.90, 30.00),
    ('Ração para Gatos', 80.00, 'Hill''s', '2024-06-15', 45.00, 28.00),
    ('Brinquedo para Cães', 200.00, 'Kong', NULL, 15.90, 10.00),
    ('Areia Sanitária para Gatos', 150.00, 'Chalesco', '2024-07-20', 10.50, 7.50),
    ('Coleira Antipulgas para Cães', 50.00, 'Frontline', '2024-09-10', 35.00, 20.00),
    ('Shampoo para Cães', 60.00, 'PetSmile', '2024-08-05', 12.99, 7.00),
    ('Comedouro para Gatos', 100.00, 'Hagen', NULL, 8.50, 5.00),
    ('Tapete Higiênico para Cães', 120.00, 'Petix', '2024-10-12', 18.75, 11.00),
    ('Bolinha de Tênis para Cães', 300.00, 'Kong', NULL, 3.99, 2.50),
    ('Ração para Peixes', 200.00, 'Sera', '2024-11-30', 5.99, 4.00),
    ('Gaiola para Hamsters', 40.00, 'Ferplast', NULL, 39.90, 25.00),
    ('Ração para Pássaros', 250.00, 'Alcon', '2024-12-15', 7.50, 5.00),
    ('Casinha para Cães', 30.00, 'Tramontina', NULL, 85.00, 65.00),
    ('Ração para Tartarugas', 70.00, 'Tetra', '2024-10-01', 12.00, 8.50),
    ('Bolsa de Transporte para Gatos', 20.00, 'Pawise', NULL, 29.99, 18.00),
    ('Escova para Gatos', 90.00, 'Furminator', NULL, 28.50, 16.00),
    ('Roupinha para Cães', 50.00, 'Zee.Dog', NULL, 35.00, 22.00),
    ('Bebedouro para Cães', 80.00, 'PetFeeder', NULL, 14.99, 10.00),
    ('Comedouro para Pássaros', 150.00, 'Alcon', NULL, 6.50, 4.50),
    ('Coleira para Gatos', 70.00, 'Pawise', NULL, 9.50, 6.50),
    ('Casinha para Coelhos', 10.00, 'Ferplast', NULL, 49.90, 30.00),
    ('Shampoo para Gatos', 40.00, 'PetSmile', '2024-09-25', 13.99, 9.50),
    ('Brinquedo para Pássaros', 200.00, 'Zee.Dog', NULL, 4.75, 3.00),
    ('Aquário para Peixes', 15.00, 'Tetra', NULL, 99.99, 70.00),
    ('Coleira Anticarrapatos para Cães', 60.00, 'Frontline', '2024-11-20', 28.00, 15.50),
    ('Ração para Hamsters', 100.00, 'Vitakraft', '2024-07-08', 7.25, 4.50),
    ('Brinquedo para Coelhos', 80.00, 'Chalesco', NULL, 6.99, 4.00),
    ('Ração para Canários', 150.00, 'Alcon', '2024-12-30', 4.25, 3.00),
    ('Arranhador para Gatos', 40.00, 'Furminator', NULL, 22.90, 15.00),
    ('Roupinha para Cães', 70.00, 'Zee.Dog', NULL, 29.90, 18.50),
    ('Comedouro para Peixes', 200.00, 'Sera', NULL, 12.99, 8.00),
    ('Bebedouro para Pássaros', 180.00, 'Alcon', '2024-10-20', 5.50, 3.50),
    ('Bolsa de Transporte para Cães', 25.00, 'Pawise', NULL, 49.50, 35.00),
    ('Shampoo para Hamsters', 50.00, 'Chalesco', '2024-08-18', 9.25, 6.00),
    ('Casinha para Coelhos', 12.00, 'Ferplast', NULL, 64.90, 45.00),
    ('Ração para Periquitos', 120.00, 'Alcon', '2024-11-15', 3.75, 2.50),
    ('Brinquedo para Tartarugas', 90.00, 'Chalesco', NULL, 7.99, 5.00),
    ('Terrário para Répteis', 15.00, 'Exo Terra', NULL, 129.00, 95.00),
    ('Coleira Antipulgas para Gatos', 70.00, 'Frontline', '2024-10-08', 32.50, 20.00),
    ('Ração para Cobaias', 180.00, 'Vitakraft', NULL, 5.75, 3.50),
    ('Arranhador para Gatos', 50.00, 'Zee.Dog', NULL, 19.99, 12.00),
    ('Comedouro para Tartarugas', 30.00, 'Tetra', NULL, 11.50, 7.50),
    ('Gaiola para Calopsitas', 8.00, 'Ferplast', NULL, 99.00, 70.00),
    ('Shampoo para Coelhos', 60.00, 'Chalesco', '2024-09-08', 8.75, 5.50),
    ('Bebedouro para Cobaias', 50.00, 'PetFeeder', NULL, 7.99, 4.50),
    ('Ração para Porquinhos da Índia', 90.00, 'Vitakraft', NULL, 6.25, 4.00),
    ('Brinquedo para Cobaias', 100.00, 'Zee.Dog', NULL, 5.99, 3.50),
    ('Aquário para Tartarugas', 20.00, 'Sera', NULL, 89.90, 60.00),
    ('Coleira Anticarrapatos para Gatos', 50.00, 'Frontline', '2024-12-05', 26.50, 15.50),
    ('Ração para Iguanas', 40.00, 'Exo Terra', NULL, 9.75, 6.50),
    ('Bebedouro para Calopsitas', 30.00, 'PetFeeder', NULL, 5.99, 3.50),
    ('Ração para Jabutis', 80.00, 'ZooMed', '2024-08-30', 8.50, 5.50),
    ('Brinquedo para Porquinhos da Índia', 150.00, 'Chalesco', NULL, 4.99, 3.00),
    ('Aquário para Peixes Tropicais', 15.00, 'Tetra', NULL, 119.00, 85.00),
    ('Coleira Antipulgas para Cães', 70.00, 'Frontline', '2024-07-12', 31.50, 18.00),
    ('Ração para Pássaros Exóticos', 120.00, 'Alcon', NULL, 5.25, 3.50);

INSERT INTO `petshop`.`Venda` (`data`, `valor`, `comissao`, `desconto`, `Cliente_cpf`, `Empregado_cpf`) 
VALUES
('2023-09-01 10:00:00', 550.00, 10.00, 05.00, '118.570.245-36', '444.444.444-44'),
('2023-09-02 11:30:00', 200.00, 15.00, 08.00, '614.784.393-19', '777.777.777-77'),
('2023-09-03 14:45:00', 980.00, 12.00, 06.00, '268.331.619-25', '222.222.222-22'),
('2023-09-04 09:15:00', 220.00, 18.00, 10.00, '131.940.271-27', '123.456.789-01'),
('2023-09-05 16:20:00', 190.00, 13.00, 07.00, '118.570.245-36', '456.789.012-34'),
('2023-09-06 13:10:00', 470.00, 11.00, 05.00, '380.297.822-68', '444.444.444-44'),
('2023-09-07 08:30:00', 210.00, 17.00, 09.00, '075.256.043-39', '111.111.111-11'),
('2023-09-08 12:55:00', 840.00, 20.00, 12.00, '401.366.803-30', '666.666.666-66'),
('2023-09-09 15:40:00', 175.00, 14.00, 06.00, '118.570.245-36', '567.890.123-45'),
('2023-09-10 17:25:00', 995.00, 16.00, 08.00, '805.120.623-15', '444.444.444-44'),
('2023-09-11 09:05:00', 230.00, 19.00, 11.00, '023.959.573-48', '444.444.444-44'),
('2023-09-12 14:15:00', 185.00, 15.00, 07.00, '604.295.233-19', '777.777.777-77'),
('2023-09-13 10:30:00', 215.00, 18.00, 09.00, '088.878.253-51', '222.222.222-22'),
('2023-09-14 08:50:00', 250.00, 21.00, 12.00, '328.373.483-68', '123.456.789-01'),
('2023-09-15 11:10:00', 600.00, 16.00, 08.00, '625.499.783-58', '456.789.012-34'),
('2023-09-16 13:50:00', 170.00, 12.00, 06.00, '118.570.245-36', '444.444.444-44'),
('2023-09-17 15:15:00', 225.00, 20.00, 11.00, '614.784.393-19', '111.111.111-11'),
('2023-09-18 09:45:00', 290.00, 14.00, 07.00, '635.111.523-05', '666.666.666-66'),
('2023-09-19 16:35:00', 205.00, 17.00, 08.00, '034.113.953-03', '567.890.123-45'),
('2023-09-20 12:40:00', 235.00, 19.00, 10.00, '972.287.963-49', '444.444.444-44'),
('2023-09-21 14:20:00', 180.00, 15.00, 07.00, '009.849.462-76', '444.444.444-44'),
('2023-09-22 10:05:00', 210.00, 18.00, 09.00, '304.523.923-49', '777.777.777-77'),
('2023-09-23 08:15:00', 220.00, 20.00, 10.00, '614.784.393-19', '222.222.222-22'),
('2023-09-24 13:30:00', 195.00, 16.00, 08.00, '021.192.333-81', '123.456.789-01'),
('2023-09-25 09:55:00', 175.00, 13.00, 06.00, '614.784.393-19', '456.789.012-34'),
('2023-09-26 11:40:00', 240.00, 21.00, 11.00, '418.178.423-15', '444.444.444-44'),
('2023-09-27 15:05:00', 225.00, 19.00, 10.00, '332.925.233-20', '111.111.111-11'),
('2023-09-28 14:00:00', 300.00, 17.00, 08.00, '332.925.233-20', '666.666.666-66'),
('2023-09-29 12:25:00', 230.00, 20.00, 09.00, '332.925.233-20', '567.890.123-45'),
('2023-09-30 17:20:00', 260.00, 22.00, 12.00, '010.169.993-05', '444.444.444-44'),
('2023-10-01 10:35:00', 175.00, 15.00, 07.00, '604.569.393-00', '444.444.444-44'),
('2023-10-02 08:45:00', 210.00, 18.00, 09.00, '070.762.033-32', '777.777.777-77'),
('2023-10-03 14:20:00', 185.00, 16.00, 08.00, '482.603.983-20', '222.222.222-22'),
('2023-10-04 09:15:00', 220.00, 19.00, 10.00, '604.569.393-00', '123.456.789-01'),
('2023-10-05 16:30:00', 195.00, 17.00, 09.00, '019.659.463-48', '456.789.012-34'),
('2023-10-06 13:05:00', 170.00, 14.00, 07.00, '005.710.583-96', '444.444.444-44'),
('2023-10-07 08:50:00', 230.00, 21.00, 11.00, '003.523.273-08', '111.111.111-11'),
('2023-10-08 12:45:00', 245.00, 20.00, 12.00, '413.281.323-15', '666.666.666-66'),
('2023-10-09 15:55:00', 200.00, 16.00, 08.00, '067.903.783-75', '567.890.123-45'),
('2023-10-10 17:40:00', 265.00, 22.00, 12.00, '003.523.273-08', '444.444.444-44'),
('2023-10-11 09:25:00', 180.00, 15.00, 07.00, '040.409.013-39', '444.444.444-44'),
('2023-10-12 14:15:00', 215.00, 18.00, 09.00, '003.523.273-08', '777.777.777-77'),
('2023-10-13 10:20:00', 225.00, 19.00, 10.00, '714.537.093-04', '222.222.222-22'),
('2023-10-14 08:35:00', 190.00, 17.00, 08.00, '189.249.992-49', '123.456.789-01'),
('2023-10-15 11:05:00', 250.00, 21.00, 11.00, '437.902.888-70', '456.789.012-34'),
('2023-10-16 13:45:00', 175.00, 14.00, 07.00, '874.206.782-00', '444.444.444-44'),
('2023-10-17 15:10:00', 235.00, 20.00, 09.00, '426.607.349-68', '111.111.111-11'),
('2023-10-18 09:40:00', 195.00, 16.00, 08.00, '600.248.883-97', '666.666.666-66'),
('2023-10-19 16:15:00', 220.00, 17.00, 09.00, '001.172.372-64', '567.890.123-45'),
('2023-10-20 12:50:00', 805.00, 18.00, 10.00, '437.902.888-70', '444.444.444-44');

INSERT INTO formapgvenda(tipo, valorpago, venda_idVenda)
VALUES
('CHEQUE'  , 300.00, 01),
('DINHEIRO', 250.00, 01),
('CARTAO'  , 200.00, 02),
('BOLETO'  , 200.00, 03),
('PIX'     , 200.00, 03),
('DINHEIRO', 380.00, 03),
('PIX'     , 200.00, 03),
('CARTAO'  , 200.00, 03),
('CARTAO'  , 220.00, 04),
('PIX'     , 100.00, 05),
('CHEQUE'  , 090.00, 05),
('DINHEIRO', 470.00, 06),
('CHEQUE'  , 010.00, 07),
('PIX'     , 200.00, 07),
('PIX'     , 200.00, 08),
('PIX'     , 200.00, 08),
('BOLETO'  , 400.00, 08),
('CHEQUE'  , 040.00, 08),
('CHEQUE'  , 175.00, 09),
('CHEQUE'  , 405.00, 10),
('CARTAO'  , 590.00, 10),
('CHEQUE'  , 230.00, 11),
('CHEQUE'  , 185.00, 12),
('PIX'     , 215.00, 13),
('DINHEIRO', 250.00, 14),
('DINHEIRO', 300.00, 15),
('PIX'     , 100.00, 15),
('BOLETO'  , 200.00, 15),
('BOLETO'  , 170.00, 16),
('BOLETO'  , 225.00, 17),
('BOLETO'  , 200.00, 18),
('DINHEIRO', 090.00, 18),
('CARTAO'  , 200.00, 19),
('PIX'     , 005.00, 19),
('CHEQUE'  , 235.00, 20),
('PIX'     , 090.00, 21),
('DINHEIRO', 090.00, 21),
('DINHEIRO', 210.00, 22),
('CARTAO'  , 110.00, 23),
('PIX'     , 110.00, 23),
('CARTAO'  , 195.00, 24),
('PIX'     , 175.00, 25),
('PIX'     , 120.00, 26),
('DINHEIRO', 120.00, 26),
('PIX'     , 200.00, 27),
('CARTAO'  , 025.00, 27),
('CARTAO'  , 150.00, 28),
('CARTAO'  , 150.00, 28),
('DINHERIO', 100.00, 29),
('PIX'     , 100.00, 29),
('BOLETO'  , 030.00, 29),
('BOLETO'  , 260.00, 30),
('PIX'     , 175.00, 31),
('PIX'     , 210.00, 32),
('PIX'     , 100.00, 33),
('PIX'     , 085.00, 33),
('CHEQUE'  , 220.00, 34),
('PIX'     , 105.00, 35),
('DINHERIO', 090.00, 35),
('BOLETO'  , 170.00, 36),
('BOLETO'  , 115.00, 37),
('CHEQUE'  , 115.00, 37),
('DINHEIRO', 245.00, 38),
('PIX'     , 100.00, 39),
('CHEQUE'  , 100.00, 39),
('PIX'     , 265.00, 40),
('CHEQUE'  , 180.00, 41),
('PIX'     , 175.00, 42),
('DINHEIRO', 040.00, 42),
('CHEQUE'  , 225.00, 43),
('PIX'     , 190.00, 44),
('PIX'     , 250.00, 45),
('PIX'     , 175.00, 46),
('PIX'     , 235.00, 47),
('PIX'     , 195.00, 48),
('PIX'     , 220.00, 49),
('PIX'     , 805.00, 50);

INSERT INTO itensvendaprod(venda_idVenda, produto_idProduto, quantidade, valor, desconto)
VALUES
(01,01,01,300.00,0),
(01,02,02,250.00,0),
(02,10,03,200.00,0),
(03,11,04,980.00,0),
(04,21,05,100.00,0),
(04,31,06,120.00,0),
(05,14,08,010.00,0),
(05,15,09,050.00,0),
(05,20,10,030.00,0),
(06,01,01,400.00,0),
(06,07,02,070.00,0),
(07,49,03,210.00,0),
(08,44,04,840.00,0),
(09,10,05,175.00,0),
(10,11,06,500.00,0),
(10,13,07,400.00,0),
(10,15,08,095.00,0),
(11,17,09,100.00,0),
(11,33,10,100.00,0),
(11,05,01,015.00,0),
(11,40,02,015.00,0),
(12,19,03,185.00,0),
(13,24,04,215.00,0),
(14,08,05,250.00,0),
(15,01,06,200.00,0),
(15,41,07,400.00,0),
(16,41,08,170.00,0),
(17,21,09,225.00,0),
(18,31,10,290.00,0),
(19,10,01,100.00,0),
(19,20,02,090.00,0),
(19,50,03,015.00,0),
(20,40,04,235.00,0),
(21,30,05,030.00,0),
(21,03,06,050.00,0),
(21,06,07,060.00,0),
(21,47,08,040.00,0),
(22,18,09,200.00,0),
(22,12,10,010.00,0),
(23,01,01,220.00,0),
(24,20,02,195.00,0),
(25,20,03,175.00,0),
(26,50,04,240.00,0),
(27,24,05,200.00,0),
(27,27,06,025.00,0),
(29,23,08,230.00,0),
(30,30,09,100.00,0),
(30,31,10,160.00,0),
(31,31,01,175.00,0),
(33,33,03,185.00,0),
(34,34,04,100.00,0),
(34,35,05,100.00,0),
(34,44,06,020.00,0),
(35,05,07,195.00,0),
(36,07,08,170.00,0),
(37,08,09,230.00,0),
(39,11,01,025.00,0),
(39,12,02,025.00,0),
(39,13,03,025.00,0),
(39,14,04,025.00,0),
(39,15,05,025.00,0),
(39,16,06,025.00,0),
(39,17,07,025.00,0),
(40,50,10,265.00,0),
(41,48,01,180.00,0),
(42,19,04,015.00,0),
(43,19,05,050.00,0),
(43,25,06,050.00,0),
(43,12,08,025.00,0),
(43,10,09,025.00,0),
(44,12,10,190.00,0),
(45,28,01,250.00,0),
(46,24,02,175.00,0),
(47,20,03,100.00,0),
(47,16,04,100.00,0),
(47,28,05,035.00,0),
(48,09,06,195.00,0),
(49,10,07,220.00,0),
(50,12,08,100.00,0),
(50,20,09,050.00,0),
(50,21,10,175.00,0),
(50,10,01,025.00,0),
(50,13,02,020.00,0),
(50,11,03,080.00,0),
(50,05,05,100.00,0),
(50,06,06,100.00,0),
(50,01,07,050.00,0),
('271.860.543-07','Thomas Moraes','4957241953','1978159605','peixotopedro@yahoo.com.br'),

INSERT INTO itensservico(empregado_cpf, servico_idservico, venda_idVenda, pet_idpet, quantidade, valor, desconto)
VALUES
('333.333.333-33',06, 05,13,07,100.00,0),
('666.666.666-66',13, 28,22,07,300.00,0),
('111.111.111-11',10, 32,20,02,210.00,0),
('999.999.999-99',01, 38,10,10,245.00,0),
('345.678.901-23',25, 39,18,08,025.00,0),
('234.567.890-12',12, 39,19,09,025.00,0),
('999.999.999-99',17, 42,48,02,050.00,0),
('345.678.901-23',11, 42,48,03,150.00,0),
('234.567.890-12',13, 43,06,07,075.00,0),
('333.333.333-33',22, 50,01,01,100.00,0);

INSERT INTO compras(dataComp, valorTotal, dataVenc, dataPag, desconto, juros, fornecedor_cpf_cnpj)
VALUES
('2023-09-01 10:00:00', 550.00,'2023-09-01 10:00:00','2023-09-01 10:00:00',10.00, 05.00, '584.184.315-04'    ),
('2023-09-02 11:30:00', 200.00,'2023-09-02 11:30:00','2023-09-02 11:30:00',15.00, 08.00, '452.248.353-80'    ),
('2023-09-03 14:45:00', 980.00,'2023-09-03 14:45:00','2023-09-03 14:45:00',12.00, 06.00, '584.184.315-04'    ),
('2023-09-04 09:15:00', 220.00,'2023-09-04 09:15:00','2023-09-04 09:15:00',18.00, 10.00, '452.248.353-80'    ),
('2023-09-05 16:20:00', 190.00,'2023-09-05 16:20:00','2023-09-05 16:20:00',13.00, 07.00, '824.491.635-49'    ),
('2023-09-06 13:10:00', 470.00,'2023-09-06 13:10:00','2023-09-06 13:10:00',11.00, 05.00, '584.184.315-04'    ),
('2023-09-07 08:30:00', 210.00,'2023-09-07 08:30:00','2023-09-07 08:30:00',17.00, 09.00, '116231880008-17'),
('2023-09-08 12:55:00', 840.00,'2023-09-08 12:55:00','2023-09-08 12:55:00',20.00, 12.00, '116231880008-17'),
('2023-09-09 15:40:00', 175.00,'2023-09-09 15:40:00','2023-09-09 15:40:00',14.00, 06.00, '751.190.485-87'    ),
('2023-09-10 17:25:00', 995.00,'2023-09-10 17:25:00','2023-09-10 17:25:00',16.00, 08.00, '976.372.258-60'    ),
('2023-09-11 09:05:00', 230.00,'2023-09-11 09:05:00','2023-09-11 09:05:00',19.00, 11.00, '751.190.485-87'    ),
('2023-09-12 14:15:00', 185.00,'2023-09-12 14:15:00','2023-09-12 14:15:00',15.00, 07.00, '563.428.350-70'    ),
('2023-09-13 10:30:00', 215.00,'2023-09-13 10:30:00','2023-09-13 10:30:00',18.00, 09.00, '419296600001-29'),
('2023-09-14 08:50:00', 250.00,'2023-09-14 08:50:00','2023-09-14 08:50:00',21.00, 12.00, '515049950001-69'),
('2023-09-15 11:10:00', 600.00,'2023-09-15 11:10:00','2023-09-15 11:10:00',16.00, 08.00, '515049950001-69'),
('2023-09-16 13:50:00', 170.00,'2023-09-16 13:50:00','2023-09-16 13:50:00',12.00, 06.00, '546.744.532-40'    ),
('2023-09-17 15:15:00', 225.00,'2023-09-17 15:15:00','2023-09-17 15:15:00',20.00, 11.00, '171616800001-60'),
('2023-09-18 09:45:00', 290.00,'2023-09-18 09:45:00','2023-09-18 09:45:00',14.00, 07.00, '171616800001-60'),
('2023-09-19 16:35:00', 205.00,'2023-09-19 16:35:00','2023-09-19 16:35:00',17.00, 08.00, '321.763.149-80'    ),
('2023-09-20 12:40:00', 235.00,'2023-09-20 12:40:00','2023-09-20 12:40:00',19.00, 10.00, '287.828.220-50'    ),
('2023-09-21 14:20:00', 180.00,'2023-09-21 14:20:00','2023-09-21 14:20:00',15.00, 07.00, '158.556.623-30'    ),
('2023-09-22 10:05:00', 210.00,'2023-09-22 10:05:00','2023-09-22 10:05:00',18.00, 09.00, '321.763.149-80'    ),
('2023-09-23 08:15:00', 220.00,'2023-09-23 08:15:00','2023-09-23 08:15:00',20.00, 10.00, '158.556.623-30'    ),
('2023-09-24 13:30:00', 195.00,'2023-09-24 13:30:00','2023-09-24 13:30:00',16.00, 08.00, '678.425.124-50'    ),
('2023-09-25 09:55:00', 175.00,'2023-09-25 09:55:00','2023-09-25 09:55:00',13.00, 06.00, '425.848.172-68'    ),
('2023-09-26 11:40:00', 240.00,'2023-09-26 11:40:00','2023-09-26 11:40:00',21.00, 11.00, '425.848.172-68'    ),
('2023-09-27 15:05:00', 225.00,'2023-09-27 15:05:00','2023-09-27 15:05:00',19.00, 10.00, '863.971.842-34'    ),
('2023-09-28 14:00:00', 300.00,'2023-09-28 14:00:00','2023-09-28 14:00:00',17.00, 08.00, '736.566.236-00'    ),
('2023-09-29 12:25:00', 230.00,'2023-09-29 12:25:00','2023-09-29 12:25:00',20.00, 09.00, '437.607.437-30'    ),
('2023-09-30 17:20:00', 260.00,'2023-09-30 17:20:00','2023-09-30 17:20:00',22.00, 12.00, '437.607.437-30'    ),
('2023-10-01 10:35:00', 175.00,'2023-10-01 10:35:00','2023-10-01 10:35:00',15.00, 07.00, '437.607.437-30'    ),
('2023-10-02 08:45:00', 210.00,'2023-10-02 08:45:00','2023-10-02 08:45:00',18.00, 09.00, '693.364.822-20'    ),
('2023-10-03 14:20:00', 185.00,'2023-10-03 14:20:00','2023-10-03 14:20:00',16.00, 08.00, '519072480001-71'),
('2023-10-04 09:15:00', 220.00,'2023-10-04 09:15:00','2023-10-04 09:15:00',19.00, 10.00, '450.793.133-90'    ),
('2023-10-05 16:30:00', 195.00,'2023-10-05 16:30:00','2023-10-05 16:30:00',17.00, 09.00, '450.793.133-90'    ),
('2023-10-06 13:05:00', 170.00,'2023-10-06 13:05:00','2023-10-06 13:05:00',14.00, 07.00, '590.579.720-00'    ),
('2023-10-07 08:50:00', 230.00,'2023-10-07 08:50:00','2023-10-07 08:50:00',21.00, 11.00, '134.030.320-50'    ),
('2023-10-08 12:45:00', 245.00,'2023-10-08 12:45:00','2023-10-08 12:45:00',20.00, 12.00, '132.772.124-40'    ),
('2023-10-09 15:55:00', 200.00,'2023-10-09 15:55:00','2023-10-09 15:55:00',16.00, 08.00, '209.764.295-00'    ),
('2023-10-10 17:40:00', 265.00,'2023-10-10 17:40:00','2023-10-10 17:40:00',22.00, 12.00, '660.932.443-34'    ),
('2023-10-11 09:25:00', 180.00,'2023-10-11 09:25:00','2023-10-11 09:25:00',15.00, 07.00, '302.452.826-10'    ),
('2023-10-12 14:15:00', 215.00,'2023-10-12 14:15:00','2023-10-12 14:15:00',18.00, 09.00, '678.570.432-49'    ),
('2023-10-13 10:20:00', 225.00,'2023-10-13 10:20:00','2023-10-13 10:20:00',19.00, 10.00, '665.165.283-49'    ),
('2023-10-14 08:35:00', 190.00,'2023-10-14 08:35:00','2023-10-14 08:35:00',17.00, 08.00, '320.717.534-10'    ),
('2023-10-15 11:05:00', 250.00,'2023-10-15 11:05:00','2023-10-15 11:05:00',21.00, 11.00, '519.692.112-53'    ),
('2023-10-16 13:45:00', 175.00,'2023-10-16 13:45:00','2023-10-16 13:45:00',14.00, 07.00, '516.927.027-50'    ),
('2023-10-17 15:10:00', 235.00,'2023-10-17 15:10:00','2023-10-17 15:10:00',20.00, 09.00, '909.454.833-00'    ),
('2023-10-18 09:40:00', 195.00,'2023-10-18 09:40:00','2023-10-18 09:40:00',16.00, 08.00, '263.850.021-60'    ),
('2023-10-19 16:15:00', 220.00,'2023-10-19 16:15:00','2023-10-19 16:15:00',17.00, 09.00, '715.350.202-53'    ),
('2023-10-20 12:50:00', 805.00,'2023-10-20 12:50:00','2023-10-20 12:50:00',18.00, 10.00, '715.350.202-53'    );

INSERT INTO itenscompra(compras_idCompra, Produtos_idProduto, valorCompra, quantidade)
VALUES
('289.567.143-55','Sra. Sabrina da Costa','1936716208','4969770441','iporto@caldeira.org'),
('574.839.216-09','Dra. Ana Laura da Costa','1955623939','1972880465','marcela12@goncalves.br'),
('856.042.731-71','Pedro Lucas Moreira','1998626655','1960166127','lucasaraujo@ig.com.br'),
('196.528.374-82','Maria Alice Barbosa','1908743655','1907286488','kevin08@rocha.br'),
('687.213.905-68','Luiz Otávio Lopes','1996605950','1935615807','gomesvitoria@bol.com.br'),
('634.059.812-98','Thomas Moraes','1938314391','1939376927','ana-luiza61@bol.com.br'),
('684.592.301-98','Joana Mendes','1946177482','1909682735','arthuraragao@bol.com.br'),
('538.947.620-47','Sophie Barros','4920453396','1953803353','ribeiromaria-cecilia@correia.br'),
('718.950.643-84','Natália Costa','1970171531','1990524917','ufreitas@da.com'),
('792.016.435-43','Natália Alves','1962314464','1967895741','wrodrigues@novaes.com'),
('241.708.653-08','João Felipe Nascimento','1966036526','1994797615','bruno06@da.com'),
('923.651.740-43','Maitê Gonçalves','1944597421','1927961356','pietraviana@rodrigues.br'),
('487.260.153-07','Pedro Henrique Dias','1984919042','1916970067','fariassamuel@ig.com.br'),
('910.632.457-61','Yasmin Rocha','4992854903','1975173177','asales@moura.com'),
('254.137.960-99','Leandro Rocha','1919775758','1946254764','joao-lucassouza@ig.com.br'),
('036.912.475-80','Srta. Heloísa Alves','1999785246','1983267677','camposlorenzo@farias.net'),
('798.465.213-91','Maria Gonçalves','1900018451','1948687014','rodrigo90@hotmail.com'),
('367.102.984-69','Bryan Gonçalves','1944817702','1929399539','omoraes@fernandes.net'),
('306.247.891-87','Dra. Emanuelly da Costa','1994540054','1903689710','leticiasilveira@moreira.com'),
('728.961.534-46','Rafael Almeida','1926859996','4935156861','marceloferreira@hotmail.com'),
('217.695.830-68','Alexia Viana','1922507186','1966536927','luna42@silveira.com'),
('843.967.521-64','Mariane Cardoso','4951306661','4931159828','mnascimento@ig.com.br'),
('450.791.683-66','Vitor Ferreira','1904277806','1987828071','stella06@nunes.br'),
('390.486.127-13','Fernando Carvalho','1944845520','1970673449','bda-paz@novaes.br'),
('602.458.137-80','Srta. Marcela Vieira','1995007974','1931021868','icardoso@rodrigues.org'),
('375.801.426-35','Esther Moura','1980794641','1915330702','lporto@yahoo.com.br'),
('415.709.268-67','Stephany Costela','1968369988','1947449146','santospedro-henrique@jesus.br'),
('420.173.956-25','Dr. Paulo Alves','1978519291','1961936173','qbarros@hotmail.com'),
('056.283.974-74','Sr. Isaac Alves','4999923037','1963923769','thiago39@nogueira.br'),
('349.165.720-25','Dr. João Pedro das Neves','1949523085','1967375506','karaujo@nogueira.com'),
('489.165.327-28','Sr. Erick Oliveira','1956583265','1938343460','emillyporto@bol.com.br'),
('135.294.867-28','Gustavo Henrique Barbosa','1937685062','4990602282','caioferreira@santos.com'),
('825.049.713-97','Larissa Silva','1904328966','1965663524','thomas12@da.org'),
('273.654.819-19','Henrique Aragão','4957969156','1959157971','daniel66@correia.org'),
('025.431.698-06','Sabrina Teixeira','4980700754','1935809232','barroscaua@nunes.com'),
('508.976.213-95','Matheus Cavalcanti','1936277112','1946381247','novaesbrenda@da.com'),
('671.934.082-40','Laís Nunes','1999664255','1988191158','enzofarias@yahoo.com.br'),
('167.923.450-16','Lucca da Cunha','4956438961','1912145456','vianaemanuel@hotmail.com'),
('364.859.170-39','Cauê da Luz','1902224207','1986809636','vieiranatalia@nogueira.br'),
('798.540.162-85','Lucca Freitas','1967395701','4962924608','francisco74@ig.com.br'),
('165.742.830-35','André Cavalcanti','1903123756','1938888393','pintoeloah@da.com'),
('085.376.249-00','Rodrigo Pereira','4980198326','1980366476','jda-mata@aragao.br'),
('853.972.461-82','Otávio Dias','1983750225','1939108275','leticia12@goncalves.com'),
('268.379.015-59','Vitor Freitas','1926665549','1910511186','andre89@ig.com.br'),
('894.157.063-84','Samuel Viana','1970282930','1918083474','maria-clara33@gmail.com'),
('653.128.947-37','Rodrigo Gomes','1924934819','1997409522','hcorreia@cunha.com'),
('712.530.984-41','Lucas Rodrigues','1951137891','1925586181','da-motaalice@gmail.com'),
('708.562.149-49','Bruna da Costa','1980440027','1911183849','bernardomoraes@pinto.com'),
('762.581.430-08','Maitê Porto','4975274314','1919866218','marcelo34@silveira.br'),
('094.185.376-48','Lucas Gabriel da Rosa','1915242118','1943547163','barbosaalice@costela.com'),
('057.386.294-00','Rodrigo Fernandes','1974228751','1977218781','ryanoliveira@uol.com.br'),
('734.095.816-93','Daniel Jesus','1901490848','1906253742','ugoncalves@jesus.com'),
('194.805.263-60','Sabrina Cavalcanti','1925837237','1979670137','wfarias@ig.com.br'),
('514.267.089-20','Luiz Felipe Nascimento','1975361819','1920619127','lorenzoda-rosa@da.net'),
('840.265.317-08','Evelyn Castro','1972952530','1998143862','augustodias@nogueira.com'),
('124.708.563-53','Cauê Carvalho','1905941547','1932895566','sofia13@caldeira.net'),
('897.315.264-55','Luiza Moreira','1968338629','1907367361','vieiraana-luiza@silva.br'),
('264.150.793-52','Paulo Martins','1995606382','1955617022','luizacastro@moura.com'),
('063.124.785-80','Joaquim Carvalho','4997467532','1911299446','joao-vitorribeiro@ig.com.br'),
('437.062.189-50','Henrique da Cruz','1936089364','1935717702','rfreitas@bol.com.br'),
('269.405.318-15','Srta. Maria Fernanda Costela','1973050376','1990795655','santosluiza@pires.br'),
('290.864.175-58','Milena Nogueira','4920927559','1934359469','rodrigueslucas@gmail.com'),
('389.741.605-01','Ryan Santos','1975168782','1959408642','fmelo@ig.com.br'),
('462.750.389-00','Lucas Nunes','1932325190','1988797432','moraesvicente@fernandes.com'),
('038.451.679-39','Yasmin da Conceição','1912695531','1976145268','davi-luccada-conceicao@bol.com.br'),
('047.153.628-80','Ana Sales','1987723098','1996684004','diegodias@ig.com.br'),
('930.617.284-22','Gabriel Monteiro','1960264058','4928598157','nrodrigues@ig.com.br'),
('218.304.795-04','Gabrielly Carvalho','1996571411','4994205950','cecilianogueira@rodrigues.net'),
('189.402.356-06','Evelyn Ribeiro','1967850784','1940980456','glopes@monteiro.br'),
('219.805.476-02','Heitor Pinto','1933618384','1997393640','tbarbosa@bol.com.br'),
('210.465.897-76','Sra. Ana Clara Mendes','1917887354','4920556714','marcelo84@gmail.com'),
('136.528.470-08','Alexia Oliveira','1903401333','1934198173','qmendes@gmail.com'),
('135.908.742-79','Davi Lucca Fernandes','1952424460','1911404848','tsouza@yahoo.com.br'),
('126.907.854-20','Dra. Nina Porto','1997844553','1962762923','murilolopes@hotmail.com'),
('546.297.803-00','Sr. Guilherme Vieira','1941064837','1960782721','bpeixoto@bol.com.br'),
('365.940.217-61','Dr. Eduardo Farias','1984640471','1992746692','lopeslucas-gabriel@caldeira.br'),
('582.941.760-01','Srta. Marina da Luz','1967495527','1959409138','daniela91@ribeiro.com'),
('470.192.583-79','Helena Vieira','1945205180','1928815606','eduardo36@gmail.com'),
('184.075.369-20','Eloah Caldeira','1921473572','4972908229','eda-luz@bol.com.br'),
('305.479.126-25','Natália da Cruz','1974971989','1968543047','sophie84@bol.com.br'),
('710.582.496-49','Maria Vitória da Rocha','1997451960','1926663766','miguelcavalcanti@bol.com.br'),
('742.951.038-88','Sr. Davi Lucca Nunes','1956210351','4956093982','yda-mota@yahoo.com.br'),
('708.192.354-23','Arthur Campos','1981812923','1980509435','luiz-otaviodias@cardoso.br'),
('078.493.256-56','Bruna da Luz','1951567421','1991370384','erick23@melo.net'),
('704.381.295-04','Lavínia Duarte','1936773806','1975973092','nrodrigues@bol.com.br'),
('913.260.745-80','Dr. Luiz Otávio Rocha','1946202658','1961794923','limabruno@gmail.com'),
('809.134.726-03','Ana Sophia Nogueira','1976477576','1924746920','orodrigues@da.br'),
('196.728.345-19','Thomas da Rocha','1975066123','1996334872','isaaccampos@castro.br'),
('820.374.195-97','Vinicius Correia','1977657010','1993800754','vianaluiz-fernando@yahoo.com.br'),
('487.163.925-82','Vitor Gabriel Rezende','1919479467','1951507686','wcampos@moura.org'),
('135.047.869-57','Sr. Juan Pires','1941468484','4923942478','brenda14@aragao.net'),
('783.569.102-77','Lucas Gabriel Costa','1973617255','1946854597','mendesvinicius@alves.com'),
('032.915.746-99','Cauã Porto','1964162117','4937885964','aragaorebeca@uol.com.br'),
('432.065.879-56','Marina Nunes','4900674221','1969560420','zcaldeira@uol.com.br'),
('539.640.821-98','Sofia Duarte','1930803569','1955229019','augusto23@gmail.com'),
('381.524.709-88','Thales da Conceição','1996212459','1926579176','brunosantos@bol.com.br'),
('893.712.564-19','Luiz Henrique das Neves','1944061353','1912557557','marcelo74@yahoo.com.br'),
(50,15,050.00, 08);

INSERT INTO formapagcompra(tipo, valorpago, compras_idCompra)
VALUES
('CHEQUE'  , 300.00, 01),
('DINHEIRO', 250.00, 01),
('CARTAO'  , 200.00, 02),
('BOLETO'  , 200.00, 03),
('PIX'     , 200.00, 03),
('DINHEIRO', 380.00, 03),
('PIX'     , 200.00, 03),
('CARTAO'  , 200.00, 03),
('CARTAO'  , 220.00, 04),
('PIX'     , 100.00, 05),
('CHEQUE'  , 090.00, 05),
('DINHEIRO', 470.00, 06),
('CHEQUE'  , 010.00, 07),
('PIX'     , 200.00, 07),
('PIX'     , 200.00, 08),
('PIX'     , 200.00, 08),
('BOLETO'  , 400.00, 08),
('CHEQUE'  , 040.00, 08),
('CHEQUE'  , 175.00, 09),
('CHEQUE'  , 405.00, 10),
('CARTAO'  , 590.00, 10),
('CHEQUE'  , 230.00, 11),
('CHEQUE'  , 185.00, 12),
('PIX'     , 215.00, 13),
('DINHEIRO', 250.00, 14),
('DINHEIRO', 300.00, 15),
('PIX'     , 100.00, 15),
('BOLETO'  , 200.00, 15),
('BOLETO'  , 170.00, 16),
('BOLETO'  , 225.00, 17),
('BOLETO'  , 200.00, 18),
('DINHEIRO', 090.00, 18),
('CARTAO'  , 200.00, 19),
('PIX'     , 005.00, 19),
('CHEQUE'  , 235.00, 20),
('PIX'     , 090.00, 21),
('DINHEIRO', 090.00, 21),
('DINHEIRO', 210.00, 22),
('CARTAO'  , 110.00, 23),
('PIX'     , 110.00, 23),
('CARTAO'  , 195.00, 24),
('PIX'     , 175.00, 25),
('PIX'     , 120.00, 26),
('DINHEIRO', 120.00, 26),
('PIX'     , 200.00, 27),
('CARTAO'  , 025.00, 27),
('CARTAO'  , 150.00, 28),
('CARTAO'  , 150.00, 28),
('DINHERIO', 100.00, 29),
('PIX'     , 100.00, 29),
('BOLETO'  , 030.00, 29),
('BOLETO'  , 260.00, 30),
('PIX'     , 175.00, 31),
('PIX'     , 210.00, 32),
('PIX'     , 100.00, 33),
('PIX'     , 085.00, 33),
('CHEQUE'  , 220.00, 34),
('PIX'     , 105.00, 35),
('DINHERIO', 090.00, 35),
('BOLETO'  , 170.00, 36),
('BOLETO'  , 115.00, 37),
('CHEQUE'  , 115.00, 37),
('DINHEIRO', 245.00, 38),
('PIX'     , 100.00, 39),
('CHEQUE'  , 100.00, 39),
('PIX'     , 265.00, 40),
('CHEQUE'  , 180.00, 41),
('PIX'     , 175.00, 42),
('DINHEIRO', 040.00, 42),
('CHEQUE'  , 225.00, 43),
('PIX'     , 190.00, 44),
('PIX'     , 250.00, 45),
('PIX'     , 175.00, 46),
('PIX'     , 235.00, 47),
('PIX'     , 195.00, 48),
('PIX'     , 220.00, 49),
('PIX'     , 805.00, 50);

INSERT INTO telefone(numero, empregado_cpf, departamento_idDepartamento, fornecedor_cpf_cnpj)
VALUES
('045.863.271-62','Emanuel Nunes','1929213201','1909467091','das-nevesfernando@da.org'),
('547.698.103-93','Fernanda Farias','1923219906','1936324477','eduarda69@hotmail.com'),
('576.091.428-67','Srta. Natália Vieira','1937289211','1900557953','speixoto@ig.com.br'),
('238.507.196-77','Maria Alice Melo','4917653702','1929403418','oliveiraelisa@bol.com.br'),
('129.540.386-24','Dra. Clarice da Conceição','1917049519','1965177643','fariasgustavo-henrique@araujo.br'),
('762.581.930-21','Isabella Gomes','1903417912','1938266533','sophieda-cruz@freitas.br'),
('960.473.125-43','Luiz Henrique Campos','1913175525','1962306737','beatrizmartins@yahoo.com.br'),
('865.173.204-07','Eduardo da Costa','1997816096','1925218510','bsilva@ig.com.br'),
('99999-9998','222.222.222-22',NULL,NULL);

-- Relatório 1 
SELECT e.nome AS Nome_Empregado, e.cpf AS CPF_Empregado, e.data_admissao, e.salario,  
d.nome AS Departamento, e.num_telefone AS Numero_Telefone 
FROM empregado e 
JOIN departamento d ON e.departamento_id = d.id 
WHERE e.data_admissao BETWEEN '2019-01-01' AND '2022-03-31' 
ORDER BY e.data_admissao DESC; 
-- Relatório 2 
SELECT e.nome AS Nome_Empregado, e.cpf AS CPF_Empregado, e.data_admissao, e.salario,  
d.nome AS Departamento, e.num_telefone AS Numero_Telefone 
FROM empregado e 
JOIN departamento d ON e.departamento_id = d.id 
WHERE e.salario < (SELECT AVG(salario) FROM empregado) 
ORDER BY e.nome; 
-- Relatório 3 
SELECT d.nome AS Departamento, COUNT(e.id) AS Quantidade_Empregados,  
AVG(e.salario) AS Media_Salarial, AVG(e.comissao) AS Media_Comissao 
FROM departamento d 
JOIN empregado e ON e.departamento_id = d.id 
GROUP BY d.nome 
ORDER BY d.nome; 
-- Relatório 4 
SELECT e.nome AS Nome_Empregado, e.cpf AS CPF_Empregado, e.sexo, e.salario,  
COUNT(v.id) AS Quantidade_Vendas, SUM(v.valor_total) AS Total_Valor_Vendido,  
SUM(v.comissao) AS Total_Comissao 
FROM empregado e 
JOIN venda v ON e.id = v.empregado_id 
GROUP BY e.nome, e.cpf, e.sexo, e.salario 
ORDER BY Quantidade_Vendas DESC; 
-- Relatório 5 
SELECT e.nome AS Nome_Empregado, e.cpf AS CPF_Empregado, e.sexo, e.salario,  
COUNT(v.id) AS Quantidade_Vendas_com_Servico,  
SUM(s.valor) AS Total_Valor_Vendido_com_Servico,  
SUM(v.comissao) AS Total_Comissao_com_Servico 
FROM empregado e 
JOIN venda v ON e.id = v.empregado_id 
JOIN servico_venda sv ON v.id = sv.venda_id 
JOIN servico s ON sv.servico_id = s.id 
GROUP BY e.nome, e.cpf, e.sexo, e.salario 
ORDER BY Quantidade_Vendas_com_Servico DESC; 
-- Relatório 6 
SELECT p.nome AS Nome_Pet, s.data_servico, s.nome AS Nome_Servico, sv.quantidade,  
sv.valor, e.nome AS Empregado_Realizador 
FROM pet p 
JOIN servico_venda sv ON p.id = sv.pet_id 
JOIN servico s ON sv.servico_id = s.id 
JOIN empregado e ON sv.empregado_id = e.id 
ORDER BY s.data_servico DESC; 
-- Relatório 7 
SELECT v.data_venda, v.valor, v.desconto, (v.valor - v.desconto) AS Valor_Final,  
e.nome AS Empregado_Realizador 
FROM venda v 
JOIN cliente c ON v.cliente_id = c.id 
JOIN empregado e ON v.empregado_id = e.id 
ORDER BY v.data_venda DESC; 
-- Relatório 8 
SELECT s.nome AS Nome_Servico, COUNT(sv.id) AS Quantidade_Vendas, SUM(sv.valor) AS 
Total_Valor_Vendido 
FROM servico s 
JOIN servico_venda sv ON s.id = sv.servico_id 
GROUP BY s.nome 
ORDER BY Quantidade_Vendas DESC 
LIMIT 10; -- Relatório 9 
SELECT f.tipo_pagamento, COUNT(v.id) AS Quantidade_Vendas, SUM(v.valor) AS 
Total_Valor_Vendido 
FROM venda v 
JOIN forma_pagamento f ON v.forma_pagamento_id = f.id 
GROUP BY f.tipo_pagamento 
ORDER BY Quantidade_Vendas DESC; 
-- Relatório 10 
SELECT v.data_venda, COUNT(v.id) AS Quantidade_Vendas, SUM(v.valor) AS 
Valor_Total_Venda 
FROM venda v 
GROUP BY v.data_venda 
ORDER BY v.data_venda DESC; 
-- Relatório 11 
SELECT p.nome AS Nome_Produto, p.valor AS Valor_Produto, p.categoria,  
f.nome AS Nome_Fornecedor, f.email AS Email_Fornecedor, f.telefone AS 
Telefone_Fornecedor 
FROM produto p 
JOIN fornecedor f ON p.fornecedor_id = f.id 
ORDER BY p.nome; 
-- Relatório 12 
SELECT p.nome AS Nome_Produto, COUNT(vp.id) AS Quantidade_Total_Vendas,  
SUM(vp.valor_vendido) AS Valor_Total_Recebido 
FROM produto p 
JOIN venda_produto vp ON p.id = vp.produto_id 
GROUP BY p.nome 
ORDER BY Quantidade_Total_Vendas DESC; 
                                             
                                         
